{
"type": "FeatureCollection",
"features": [
{ "type": "Feature", "properties": { "LabelIds": "(0:)" }, "geometry": { "type": "Point", "coordinates": [ 355969.184696, 4142772.504186 ] } }
,
{ "type": "Feature", "properties": { "LabelIds": "(1:1)" }, "geometry": { "type": "Point", "coordinates": [ 355605.659075, 4142819.283860 ] } }
,
{ "type": "Feature", "properties": { "LabelIds": "(1:2)" }, "geometry": { "type": "Point", "coordinates": [ 364447.291938, 4172003.745568 ] } }
,
{ "type": "Feature", "properties": { "LabelIds": "(1:3)" }, "geometry": { "type": "Point", "coordinates": [ 370505.649671, 4173099.043963 ] } }
,
{ "type": "Feature", "properties": { "LabelIds": "(1:4)" }, "geometry": { "type": "Point", "coordinates": [ 370875.491087, 4172869.338653 ] } }
,
{ "type": "Feature", "properties": { "LabelIds": "(1:5)" }, "geometry": { "type": "Point", "coordinates": [ 371092.962613, 4172107.963958 ] } }
,
{ "type": "Feature", "properties": { "LabelIds": "(1:6)" }, "geometry": { "type": "Point", "coordinates": [ 369260.609521, 4171493.711716 ] } }
,
{ "type": "Feature", "properties": { "LabelIds": "(1:7)" }, "geometry": { "type": "Point", "coordinates": [ 369511.390743, 4170855.894010 ] } }
,
{ "type": "Feature", "properties": { "LabelIds": "(1:8)" }, "geometry": { "type": "Point", "coordinates": [ 370898.920650, 4170619.592641 ] } }
,
{ "type": "Feature", "properties": { "LabelIds": "(1:9)" }, "geometry": { "type": "Point", "coordinates": [ 369222.698921, 4170575.324209 ] } }
,
{ "type": "Feature", "properties": { "LabelIds": "(1:10)" }, "geometry": { "type": "Point", "coordinates": [ 369010.298005, 4170329.503265 ] } }
,
{ "type": "Feature", "properties": { "LabelIds": "(1:11)" }, "geometry": { "type": "Point", "coordinates": [ 370788.480080, 4169093.821110 ] } }
,
{ "type": "Feature", "properties": { "LabelIds": "(1:12)" }, "geometry": { "type": "Point", "coordinates": [ 368534.136039, 4169442.948425 ] } }
,
{ "type": "Feature", "properties": { "LabelIds": "(1:13)" }, "geometry": { "type": "Point", "coordinates": [ 365070.966591, 4169004.931472 ] } }
,
{ "type": "Feature", "properties": { "LabelIds": "(1:14)" }, "geometry": { "type": "Point", "coordinates": [ 368482.867327, 4168601.936435 ] } }
,
{ "type": "Feature", "properties": { "LabelIds": "(1:15)" }, "geometry": { "type": "Point", "coordinates": [ 366462.921351, 4167475.918124 ] } }
,
{ "type": "Feature", "properties": { "LabelIds": "(1:16)" }, "geometry": { "type": "Point", "coordinates": [ 372784.114988, 4168362.868224 ] } }
,
{ "type": "Feature", "properties": { "LabelIds": "(1:17)" }, "geometry": { "type": "Point", "coordinates": [ 368257.462261, 4168181.636565 ] } }
,
{ "type": "Feature", "properties": { "LabelIds": "(1:18)" }, "geometry": { "type": "Point", "coordinates": [ 371502.311379, 4168132.148451 ] } }
,
{ "type": "Feature", "properties": { "LabelIds": "(1:19)" }, "geometry": { "type": "Point", "coordinates": [ 373639.774075, 4167277.103458 ] } }
,
{ "type": "Feature", "properties": { "LabelIds": "(1:20)" }, "geometry": { "type": "Point", "coordinates": [ 372576.760460, 4168018.122104 ] } }
,
{ "type": "Feature", "properties": { "LabelIds": "(1:21)" }, "geometry": { "type": "Point", "coordinates": [ 367993.302903, 4167626.345523 ] } }
,
{ "type": "Feature", "properties": { "LabelIds": "(1:22)" }, "geometry": { "type": "Point", "coordinates": [ 372136.815798, 4167773.207049 ] } }
,
{ "type": "Feature", "properties": { "LabelIds": "(1:23)" }, "geometry": { "type": "Point", "coordinates": [ 374980.568188, 4166642.819642 ] } }
,
{ "type": "Feature", "properties": { "LabelIds": "(1:24)" }, "geometry": { "type": "Point", "coordinates": [ 375790.886940, 4165720.304536 ] } }
,
{ "type": "Feature", "properties": { "LabelIds": "(1:25)" }, "geometry": { "type": "Point", "coordinates": [ 377448.185154, 4165502.927653 ] } }
,
{ "type": "Feature", "properties": { "LabelIds": "(1:26)" }, "geometry": { "type": "Point", "coordinates": [ 372078.581832, 4164171.967324 ] } }
,
{ "type": "Feature", "properties": { "LabelIds": "(1:27)" }, "geometry": { "type": "Point", "coordinates": [ 368359.049321, 4164042.331838 ] } }
,
{ "type": "Feature", "properties": { "LabelIds": "(1:28)" }, "geometry": { "type": "Point", "coordinates": [ 380578.879842, 4163315.149906 ] } }
,
{ "type": "Feature", "properties": { "LabelIds": "(1:29)" }, "geometry": { "type": "Point", "coordinates": [ 373876.765646, 4163309.732897 ] } }
,
{ "type": "Feature", "properties": { "LabelIds": "(1:30)" }, "geometry": { "type": "Point", "coordinates": [ 375081.276585, 4161766.801135 ] } }
,
{ "type": "Feature", "properties": { "LabelIds": "(1:31)" }, "geometry": { "type": "Point", "coordinates": [ 376775.001838, 4160084.726592 ] } }
,
{ "type": "Feature", "properties": { "LabelIds": "(1:32)" }, "geometry": { "type": "Point", "coordinates": [ 374548.935639, 4160646.277300 ] } }
,
{ "type": "Feature", "properties": { "LabelIds": "(1:33)" }, "geometry": { "type": "Point", "coordinates": [ 382035.351557, 4159140.194558 ] } }
,
{ "type": "Feature", "properties": { "LabelIds": "(1:34)" }, "geometry": { "type": "Point", "coordinates": [ 384719.478805, 4158378.510656 ] } }
,
{ "type": "Feature", "properties": { "LabelIds": "(1:35)" }, "geometry": { "type": "Point", "coordinates": [ 385600.850081, 4157963.832268 ] } }
,
{ "type": "Feature", "properties": { "LabelIds": "(1:36)" }, "geometry": { "type": "Point", "coordinates": [ 385484.049245, 4157624.900835 ] } }
,
{ "type": "Feature", "properties": { "LabelIds": "(1:37)" }, "geometry": { "type": "Point", "coordinates": [ 384651.247866, 4156488.972912 ] } }
,
{ "type": "Feature", "properties": { "LabelIds": "(1:38)" }, "geometry": { "type": "Point", "coordinates": [ 383196.059557, 4156301.729214 ] } }
,
{ "type": "Feature", "properties": { "LabelIds": "(1:39)" }, "geometry": { "type": "Point", "coordinates": [ 382759.022571, 4154562.400222 ] } }
,
{ "type": "Feature", "properties": { "LabelIds": "(1:40)" }, "geometry": { "type": "Point", "coordinates": [ 377728.913169, 4155378.594778 ] } }
,
{ "type": "Feature", "properties": { "LabelIds": "(1:41)" }, "geometry": { "type": "Point", "coordinates": [ 378673.725939, 4155437.965362 ] } }
,
{ "type": "Feature", "properties": { "LabelIds": "(1:42)" }, "geometry": { "type": "Point", "coordinates": [ 379143.033025, 4155227.959543 ] } }
,
{ "type": "Feature", "properties": { "LabelIds": "(1:43)" }, "geometry": { "type": "Point", "coordinates": [ 381520.126326, 4155274.711857 ] } }
,
{ "type": "Feature", "properties": { "LabelIds": "(1:44)" }, "geometry": { "type": "Point", "coordinates": [ 380443.172224, 4155139.707956 ] } }
,
{ "type": "Feature", "properties": { "LabelIds": "(1:45)" }, "geometry": { "type": "Point", "coordinates": [ 377160.742349, 4155054.986039 ] } }
,
{ "type": "Feature", "properties": { "LabelIds": "(1:46)" }, "geometry": { "type": "Point", "coordinates": [ 376890.298867, 4155108.205920 ] } }
,
{ "type": "Feature", "properties": { "LabelIds": "(1:47)" }, "geometry": { "type": "Point", "coordinates": [ 378606.214536, 4154630.595244 ] } }
,
{ "type": "Feature", "properties": { "LabelIds": "(1:48)" }, "geometry": { "type": "Point", "coordinates": [ 378474.694085, 4154526.626549 ] } }
,
{ "type": "Feature", "properties": { "LabelIds": "(1:49)" }, "geometry": { "type": "Point", "coordinates": [ 378369.329231, 4154100.194425 ] } }
,
{ "type": "Feature", "properties": { "LabelIds": "(1:50)" }, "geometry": { "type": "Point", "coordinates": [ 378805.011498, 4153897.471758 ] } }
,
{ "type": "Feature", "properties": { "LabelIds": "(1:51)" }, "geometry": { "type": "Point", "coordinates": [ 382205.191207, 4153882.221948 ] } }
,
{ "type": "Feature", "properties": { "LabelIds": "(1:52)" }, "geometry": { "type": "Point", "coordinates": [ 379822.258331, 4153633.749885 ] } }
,
{ "type": "Feature", "properties": { "LabelIds": "(1:53)" }, "geometry": { "type": "Point", "coordinates": [ 385177.361388, 4153018.326341 ] } }
,
{ "type": "Feature", "properties": { "LabelIds": "(1:54)" }, "geometry": { "type": "Point", "coordinates": [ 384873.344683, 4151736.830467 ] } }
,
{ "type": "Feature", "properties": { "LabelIds": "(1:55)" }, "geometry": { "type": "Point", "coordinates": [ 382254.010362, 4151770.077410 ] } }
,
{ "type": "Feature", "properties": { "LabelIds": "(1:56)" }, "geometry": { "type": "Point", "coordinates": [ 381109.713673, 4151964.412731 ] } }
,
{ "type": "Feature", "properties": { "LabelIds": "(1:57)" }, "geometry": { "type": "Point", "coordinates": [ 361800.024062, 4144568.457072 ] } }
,
{ "type": "Feature", "properties": { "LabelIds": "(1:58)" }, "geometry": { "type": "Point", "coordinates": [ 387175.943378, 4151248.186995 ] } }
,
{ "type": "Feature", "properties": { "LabelIds": "(1:59)" }, "geometry": { "type": "Point", "coordinates": [ 382771.620019, 4150476.405087 ] } }
,
{ "type": "Feature", "properties": { "LabelIds": "(1:60)" }, "geometry": { "type": "Point", "coordinates": [ 384117.427755, 4150774.897301 ] } }
,
{ "type": "Feature", "properties": { "LabelIds": "(1:61)" }, "geometry": { "type": "Point", "coordinates": [ 385697.193293, 4150514.868659 ] } }
,
{ "type": "Feature", "properties": { "LabelIds": "(1:62)" }, "geometry": { "type": "Point", "coordinates": [ 385914.240177, 4149877.269707 ] } }
,
{ "type": "Feature", "properties": { "LabelIds": "(1:63)" }, "geometry": { "type": "Point", "coordinates": [ 383691.632731, 4150137.640349 ] } }
,
{ "type": "Feature", "properties": { "LabelIds": "(1:64)" }, "geometry": { "type": "Point", "coordinates": [ 383220.189383, 4149707.785046 ] } }
,
{ "type": "Feature", "properties": { "LabelIds": "(1:65)" }, "geometry": { "type": "Point", "coordinates": [ 386766.191574, 4149454.848337 ] } }
,
{ "type": "Feature", "properties": { "LabelIds": "(1:66)" }, "geometry": { "type": "Point", "coordinates": [ 387099.688253, 4149535.325541 ] } }
,
{ "type": "Feature", "properties": { "LabelIds": "(1:67)" }, "geometry": { "type": "Point", "coordinates": [ 387614.095411, 4149551.487191 ] } }
,
{ "type": "Feature", "properties": { "LabelIds": "(1:68)" }, "geometry": { "type": "Point", "coordinates": [ 385497.440141, 4149323.534056 ] } }
,
{ "type": "Feature", "properties": { "LabelIds": "(1:69)" }, "geometry": { "type": "Point", "coordinates": [ 387137.670412, 4149362.239822 ] } }
,
{ "type": "Feature", "properties": { "LabelIds": "(1:70)" }, "geometry": { "type": "Point", "coordinates": [ 385067.914481, 4149329.999628 ] } }
,
{ "type": "Feature", "properties": { "LabelIds": "(1:71)" }, "geometry": { "type": "Point", "coordinates": [ 387822.337014, 4148526.922579 ] } }
,
{ "type": "Feature", "properties": { "LabelIds": "(1:72)" }, "geometry": { "type": "Point", "coordinates": [ 387281.224071, 4149203.046716 ] } }
,
{ "type": "Feature", "properties": { "LabelIds": "(1:73)" }, "geometry": { "type": "Point", "coordinates": [ 385825.523097, 4149095.399841 ] } }
,
{ "type": "Feature", "properties": { "LabelIds": "(1:74)" }, "geometry": { "type": "Point", "coordinates": [ 386173.398170, 4148898.693210 ] } }
,
{ "type": "Feature", "properties": { "LabelIds": "(1:75)" }, "geometry": { "type": "Point", "coordinates": [ 386836.691144, 4148333.251253 ] } }
,
{ "type": "Feature", "properties": { "LabelIds": "(1:76)" }, "geometry": { "type": "Point", "coordinates": [ 388447.576400, 4148049.808390 ] } }
,
{ "type": "Feature", "properties": { "LabelIds": "(1:77)" }, "geometry": { "type": "Point", "coordinates": [ 386378.957702, 4148070.793464 ] } }
,
{ "type": "Feature", "properties": { "LabelIds": "(1:78)" }, "geometry": { "type": "Point", "coordinates": [ 386127.111049, 4147701.618409 ] } }
,
{ "type": "Feature", "properties": { "LabelIds": "(1:79)" }, "geometry": { "type": "Point", "coordinates": [ 387262.508385, 4147177.463214 ] } }
,
{ "type": "Feature", "properties": { "LabelIds": "(1:80)" }, "geometry": { "type": "Point", "coordinates": [ 388369.504134, 4146842.176454 ] } }
,
{ "type": "Feature", "properties": { "LabelIds": "(1:81)" }, "geometry": { "type": "Point", "coordinates": [ 388775.294423, 4147028.350621 ] } }
,
{ "type": "Feature", "properties": { "LabelIds": "(1:82)" }, "geometry": { "type": "Point", "coordinates": [ 387710.290888, 4146578.208764 ] } }
,
{ "type": "Feature", "properties": { "LabelIds": "(1:83)" }, "geometry": { "type": "Point", "coordinates": [ 387975.306737, 4146442.552789 ] } }
,
{ "type": "Feature", "properties": { "LabelIds": "(1:84)" }, "geometry": { "type": "Point", "coordinates": [ 388406.635107, 4146234.182221 ] } }
,
{ "type": "Feature", "properties": { "LabelIds": "(1:85)" }, "geometry": { "type": "Point", "coordinates": [ 388238.685539, 4145917.595372 ] } }
,
{ "type": "Feature", "properties": { "LabelIds": "(1:86)" }, "geometry": { "type": "Point", "coordinates": [ 388662.198840, 4145890.244813 ] } }
,
{ "type": "Feature", "properties": { "LabelIds": "(1:87)" }, "geometry": { "type": "Point", "coordinates": [ 387909.279663, 4145770.856724 ] } }
,
{ "type": "Feature", "properties": { "LabelIds": "(1:88)" }, "geometry": { "type": "Point", "coordinates": [ 388514.196812, 4145655.075232 ] } }
,
{ "type": "Feature", "properties": { "LabelIds": "(1:89)" }, "geometry": { "type": "Point", "coordinates": [ 388577.809434, 4145357.391054 ] } }
,
{ "type": "Feature", "properties": { "LabelIds": "(1:90)" }, "geometry": { "type": "Point", "coordinates": [ 375275.478082, 4142038.945666 ] } }
,
{ "type": "Feature", "properties": { "LabelIds": "(1:91)" }, "geometry": { "type": "Point", "coordinates": [ 374717.581419, 4141332.331212 ] } }
,
{ "type": "Feature", "properties": { "LabelIds": "(1:92)" }, "geometry": { "type": "Point", "coordinates": [ 374860.901158, 4140600.962268 ] } }
,
{ "type": "Feature", "properties": { "LabelIds": "(1:93)" }, "geometry": { "type": "Point", "coordinates": [ 377220.966584, 4138495.361877 ] } }
,
{ "type": "Feature", "properties": { "LabelIds": "(1:94)" }, "geometry": { "type": "Point", "coordinates": [ 374976.789637, 4138972.585306 ] } }
,
{ "type": "Feature", "properties": { "LabelIds": "(1:95)" }, "geometry": { "type": "Point", "coordinates": [ 381827.265257, 4139415.429665 ] } }
,
{ "type": "Feature", "properties": { "LabelIds": "(1:96)" }, "geometry": { "type": "Point", "coordinates": [ 381908.787725, 4139004.907959 ] } }
,
{ "type": "Feature", "properties": { "LabelIds": "(1:97)" }, "geometry": { "type": "Point", "coordinates": [ 381771.482098, 4138431.870833 ] } }
,
{ "type": "Feature", "properties": { "LabelIds": "(1:98)" }, "geometry": { "type": "Point", "coordinates": [ 374825.409884, 4138071.740585 ] } }
,
{ "type": "Feature", "properties": { "LabelIds": "(1:99)" }, "geometry": { "type": "Point", "coordinates": [ 372207.563008, 4137863.841567 ] } }
,
{ "type": "Feature", "properties": { "LabelIds": "(1:100)" }, "geometry": { "type": "Point", "coordinates": [ 381781.540441, 4137864.505498 ] } }
,
{ "type": "Feature", "properties": { "LabelIds": "(1:101)" }, "geometry": { "type": "Point", "coordinates": [ 373675.100787, 4137914.700247 ] } }
,
{ "type": "Feature", "properties": { "LabelIds": "(1:102)" }, "geometry": { "type": "Point", "coordinates": [ 374941.612787, 4137881.152376 ] } }
,
{ "type": "Feature", "properties": { "LabelIds": "(1:103)" }, "geometry": { "type": "Point", "coordinates": [ 378369.137255, 4137753.280438 ] } }
,
{ "type": "Feature", "properties": { "LabelIds": "(1:104)" }, "geometry": { "type": "Point", "coordinates": [ 374775.942257, 4137807.629017 ] } }
,
{ "type": "Feature", "properties": { "LabelIds": "(1:105)" }, "geometry": { "type": "Point", "coordinates": [ 378687.713105, 4137545.960952 ] } }
,
{ "type": "Feature", "properties": { "LabelIds": "(1:106)" }, "geometry": { "type": "Point", "coordinates": [ 374972.911459, 4137677.867727 ] } }
,
{ "type": "Feature", "properties": { "LabelIds": "(1:107)" }, "geometry": { "type": "Point", "coordinates": [ 373829.241099, 4137567.759332 ] } }
,
{ "type": "Feature", "properties": { "LabelIds": "(1:108)" }, "geometry": { "type": "Point", "coordinates": [ 375293.206944, 4137531.601076 ] } }
,
{ "type": "Feature", "properties": { "LabelIds": "(1:109)" }, "geometry": { "type": "Point", "coordinates": [ 381648.646390, 4137401.820944 ] } }
,
{ "type": "Feature", "properties": { "LabelIds": "(1:110)" }, "geometry": { "type": "Point", "coordinates": [ 371294.253353, 4137253.936443 ] } }
,
{ "type": "Feature", "properties": { "LabelIds": "(1:111)" }, "geometry": { "type": "Point", "coordinates": [ 373906.306858, 4137378.984798 ] } }
,
{ "type": "Feature", "properties": { "LabelIds": "(1:112)" }, "geometry": { "type": "Point", "coordinates": [ 375311.953286, 4137322.333654 ] } }
,
{ "type": "Feature", "properties": { "LabelIds": "(1:113)" }, "geometry": { "type": "Point", "coordinates": [ 378960.474570, 4137100.707713 ] } }
,
{ "type": "Feature", "properties": { "LabelIds": "(1:114)" }, "geometry": { "type": "Point", "coordinates": [ 381579.673613, 4137150.556411 ] } }
,
{ "type": "Feature", "properties": { "LabelIds": "(1:115)" }, "geometry": { "type": "Point", "coordinates": [ 375399.250869, 4137081.339812 ] } }
,
{ "type": "Feature", "properties": { "LabelIds": "(1:116)" }, "geometry": { "type": "Point", "coordinates": [ 379901.891574, 4136438.800819 ] } }
,
{ "type": "Feature", "properties": { "LabelIds": "(1:117)" }, "geometry": { "type": "Point", "coordinates": [ 375488.304125, 4137034.520486 ] } }
,
{ "type": "Feature", "properties": { "LabelIds": "(1:118)" }, "geometry": { "type": "Point", "coordinates": [ 389177.708544, 4136762.368618 ] } }
,
{ "type": "Feature", "properties": { "LabelIds": "(1:119)" }, "geometry": { "type": "Point", "coordinates": [ 381577.639768, 4136747.061586 ] } }
,
{ "type": "Feature", "properties": { "LabelIds": "(1:120)" }, "geometry": { "type": "Point", "coordinates": [ 374774.949561, 4136583.607346 ] } }
,
{ "type": "Feature", "properties": { "LabelIds": "(1:121)" }, "geometry": { "type": "Point", "coordinates": [ 375732.101349, 4136600.232435 ] } }
,
{ "type": "Feature", "properties": { "LabelIds": "(1:122)" }, "geometry": { "type": "Point", "coordinates": [ 375230.181145, 4136675.841051 ] } }
,
{ "type": "Feature", "properties": { "LabelIds": "(1:123)" }, "geometry": { "type": "Point", "coordinates": [ 374959.534887, 4133919.282744 ] } }
,
{ "type": "Feature", "properties": { "LabelIds": "(1:124)" }, "geometry": { "type": "Point", "coordinates": [ 386842.847286, 4135927.449584 ] } }
,
{ "type": "Feature", "properties": { "LabelIds": "(1:125)" }, "geometry": { "type": "Point", "coordinates": [ 388351.659094, 4134694.152690 ] } }
,
{ "type": "Feature", "properties": { "LabelIds": "(1:126)" }, "geometry": { "type": "Point", "coordinates": [ 387672.534972, 4135914.346590 ] } }
,
{ "type": "Feature", "properties": { "LabelIds": "(1:127)" }, "geometry": { "type": "Point", "coordinates": [ 387659.434472, 4135816.825102 ] } }
,
{ "type": "Feature", "properties": { "LabelIds": "(1:128)" }, "geometry": { "type": "Point", "coordinates": [ 387474.490266, 4135657.379996 ] } }
,
{ "type": "Feature", "properties": { "LabelIds": "(1:129)" }, "geometry": { "type": "Point", "coordinates": [ 388079.778003, 4135325.923770 ] } }
,
{ "type": "Feature", "properties": { "LabelIds": "(1:130)" }, "geometry": { "type": "Point", "coordinates": [ 357672.567653, 4134557.862576 ] } }
,
{ "type": "Feature", "properties": { "LabelIds": "(1:131)" }, "geometry": { "type": "Point", "coordinates": [ 387841.470439, 4135135.558155 ] } }
,
{ "type": "Feature", "properties": { "LabelIds": "(1:132)" }, "geometry": { "type": "Point", "coordinates": [ 387347.762084, 4134954.514281 ] } }
,
{ "type": "Feature", "properties": { "LabelIds": "(1:133)" }, "geometry": { "type": "Point", "coordinates": [ 388047.658379, 4134928.553662 ] } }
,
{ "type": "Feature", "properties": { "LabelIds": "(1:134)" }, "geometry": { "type": "Point", "coordinates": [ 387501.915819, 4133884.172948 ] } }
,
{ "type": "Feature", "properties": { "LabelIds": "(1:135)" }, "geometry": { "type": "Point", "coordinates": [ 382554.099468, 4134355.926869 ] } }
,
{ "type": "Feature", "properties": { "LabelIds": "(1:136)" }, "geometry": { "type": "Point", "coordinates": [ 382344.093006, 4133720.265281 ] } }
,
{ "type": "Feature", "properties": { "LabelIds": "(1:137)" }, "geometry": { "type": "Point", "coordinates": [ 382984.613733, 4133783.390355 ] } }
,
{ "type": "Feature", "properties": { "LabelIds": "(1:138)" }, "geometry": { "type": "Point", "coordinates": [ 383540.268403, 4132984.419858 ] } }
,
{ "type": "Feature", "properties": { "LabelIds": "(1:139)" }, "geometry": { "type": "Point", "coordinates": [ 387504.507203, 4132430.575780 ] } }
,
{ "type": "Feature", "properties": { "LabelIds": "(1:140)" }, "geometry": { "type": "Point", "coordinates": [ 387784.126323, 4133042.485229 ] } }
,
{ "type": "Feature", "properties": { "LabelIds": "(1:141)" }, "geometry": { "type": "Point", "coordinates": [ 387891.467406, 4132926.774712 ] } }
,
{ "type": "Feature", "properties": { "LabelIds": "(1:142)" }, "geometry": { "type": "Point", "coordinates": [ 387074.028163, 4132752.866877 ] } }
,
{ "type": "Feature", "properties": { "LabelIds": "(1:143)" }, "geometry": { "type": "Point", "coordinates": [ 386945.724869, 4132672.912275 ] } }
,
{ "type": "Feature", "properties": { "LabelIds": "(1:144)" }, "geometry": { "type": "Point", "coordinates": [ 387116.513504, 4132609.852297 ] } }
,
{ "type": "Feature", "properties": { "LabelIds": "(1:145)" }, "geometry": { "type": "Point", "coordinates": [ 383815.203071, 4132496.938604 ] } }
,
{ "type": "Feature", "properties": { "LabelIds": "(1:146)" }, "geometry": { "type": "Point", "coordinates": [ 386796.575097, 4132239.913684 ] } }
,
{ "type": "Feature", "properties": { "LabelIds": "(1:147)" }, "geometry": { "type": "Point", "coordinates": [ 384339.381166, 4131897.692890 ] } }
,
{ "type": "Feature", "properties": { "LabelIds": "(1:148)" }, "geometry": { "type": "Point", "coordinates": [ 374851.458316, 4131655.847207 ] } }
,
{ "type": "Feature", "properties": { "LabelIds": "(1:149)" }, "geometry": { "type": "Point", "coordinates": [ 383727.500088, 4132189.501442 ] } }
,
{ "type": "Feature", "properties": { "LabelIds": "(1:150)" }, "geometry": { "type": "Point", "coordinates": [ 372311.939822, 4131809.863536 ] } }
,
{ "type": "Feature", "properties": { "LabelIds": "(1:151)" }, "geometry": { "type": "Point", "coordinates": [ 373890.572849, 4131483.310480 ] } }
,
{ "type": "Feature", "properties": { "LabelIds": "(1:152)" }, "geometry": { "type": "Point", "coordinates": [ 387445.376344, 4131228.967090 ] } }
,
{ "type": "Feature", "properties": { "LabelIds": "(1:153)" }, "geometry": { "type": "Point", "coordinates": [ 373382.193604, 4131621.696609 ] } }
,
{ "type": "Feature", "properties": { "LabelIds": "(1:154)" }, "geometry": { "type": "Point", "coordinates": [ 373043.799855, 4131547.196828 ] } }
,
{ "type": "Feature", "properties": { "LabelIds": "(1:155)" }, "geometry": { "type": "Point", "coordinates": [ 372333.235939, 4130938.404210 ] } }
,
{ "type": "Feature", "properties": { "LabelIds": "(1:156)" }, "geometry": { "type": "Point", "coordinates": [ 386156.181284, 4130625.378435 ] } }
,
{ "type": "Feature", "properties": { "LabelIds": "(1:157)" }, "geometry": { "type": "Point", "coordinates": [ 376669.254111, 4130302.879743 ] } }
,
{ "type": "Feature", "properties": { "LabelIds": "(1:158)" }, "geometry": { "type": "Point", "coordinates": [ 360426.140446, 4130845.879187 ] } }
,
{ "type": "Feature", "properties": { "LabelIds": "(1:159)" }, "geometry": { "type": "Point", "coordinates": [ 373421.346394, 4130456.847651 ] } }
,
{ "type": "Feature", "properties": { "LabelIds": "(1:160)" }, "geometry": { "type": "Point", "coordinates": [ 374206.286066, 4130246.682623 ] } }
,
{ "type": "Feature", "properties": { "LabelIds": "(1:161)" }, "geometry": { "type": "Point", "coordinates": [ 361706.083862, 4129078.706485 ] } }
,
{ "type": "Feature", "properties": { "LabelIds": "(1:162)" }, "geometry": { "type": "Point", "coordinates": [ 376769.068795, 4129467.805837 ] } }
,
{ "type": "Feature", "properties": { "LabelIds": "(1:163)" }, "geometry": { "type": "Point", "coordinates": [ 377721.200469, 4128220.900980 ] } }
,
{ "type": "Feature", "properties": { "LabelIds": "(1:164)" }, "geometry": { "type": "Point", "coordinates": [ 362063.788966, 4128678.943840 ] } }
,
{ "type": "Feature", "properties": { "LabelIds": "(1:165)" }, "geometry": { "type": "Point", "coordinates": [ 362916.995018, 4128215.128787 ] } }
,
{ "type": "Feature", "properties": { "LabelIds": "(1:166)" }, "geometry": { "type": "Point", "coordinates": [ 378243.991564, 4128041.715788 ] } }
,
{ "type": "Feature", "properties": { "LabelIds": "(1:167)" }, "geometry": { "type": "Point", "coordinates": [ 363991.271457, 4127160.808232 ] } }
,
{ "type": "Feature", "properties": { "LabelIds": "(1:168)" }, "geometry": { "type": "Point", "coordinates": [ 378174.004920, 4127379.399230 ] } }
,
{ "type": "Feature", "properties": { "LabelIds": "(1:169)" }, "geometry": { "type": "Point", "coordinates": [ 378182.147357, 4126993.835740 ] } }
,
{ "type": "Feature", "properties": { "LabelIds": "(1:170)" }, "geometry": { "type": "Point", "coordinates": [ 380260.796161, 4126107.687416 ] } }
,
{ "type": "Feature", "properties": { "LabelIds": "(1:171)" }, "geometry": { "type": "Point", "coordinates": [ 365292.407793, 4126892.772611 ] } }
,
{ "type": "Feature", "properties": { "LabelIds": "(1:172)" }, "geometry": { "type": "Point", "coordinates": [ 365050.503925, 4126787.404352 ] } }
,
{ "type": "Feature", "properties": { "LabelIds": "(1:173)" }, "geometry": { "type": "Point", "coordinates": [ 377770.741764, 4126837.826099 ] } }
,
{ "type": "Feature", "properties": { "LabelIds": "(1:174)" }, "geometry": { "type": "Point", "coordinates": [ 377439.832759, 4126785.706499 ] } }
,
{ "type": "Feature", "properties": { "LabelIds": "(1:175)" }, "geometry": { "type": "Point", "coordinates": [ 377410.591473, 4126524.575538 ] } }
,
{ "type": "Feature", "properties": { "LabelIds": "(1:176)" }, "geometry": { "type": "Point", "coordinates": [ 365708.195968, 4126558.878617 ] } }
,
{ "type": "Feature", "properties": { "LabelIds": "(1:177)" }, "geometry": { "type": "Point", "coordinates": [ 365479.662231, 4125709.113461 ] } }
,
{ "type": "Feature", "properties": { "LabelIds": "(1:178)" }, "geometry": { "type": "Point", "coordinates": [ 377932.582689, 4126361.805441 ] } }
,
{ "type": "Feature", "properties": { "LabelIds": "(1:179)" }, "geometry": { "type": "Point", "coordinates": [ 377492.427231, 4126171.548449 ] } }
,
{ "type": "Feature", "properties": { "LabelIds": "(1:180)" }, "geometry": { "type": "Point", "coordinates": [ 377189.791031, 4126017.283680 ] } }
,
{ "type": "Feature", "properties": { "LabelIds": "(1:181)" }, "geometry": { "type": "Point", "coordinates": [ 378549.092980, 4125953.132365 ] } }
,
{ "type": "Feature", "properties": { "LabelIds": "(1:182)" }, "geometry": { "type": "Point", "coordinates": [ 365852.420575, 4125755.955829 ] } }
,
{ "type": "Feature", "properties": { "LabelIds": "(1:183)" }, "geometry": { "type": "Point", "coordinates": [ 377423.626348, 4125741.721343 ] } }
,
{ "type": "Feature", "properties": { "LabelIds": "(1:184)" }, "geometry": { "type": "Point", "coordinates": [ 379223.754668, 4125195.957549 ] } }
,
{ "type": "Feature", "properties": { "LabelIds": "(1:185)" }, "geometry": { "type": "Point", "coordinates": [ 377319.587188, 4124990.235133 ] } }
,
{ "type": "Feature", "properties": { "LabelIds": "(1:186)" }, "geometry": { "type": "Point", "coordinates": [ 374260.970845, 4125085.838745 ] } }
,
{ "type": "Feature", "properties": { "LabelIds": "(1:187)" }, "geometry": { "type": "Point", "coordinates": [ 375637.659771, 4124778.631979 ] } }
,
{ "type": "Feature", "properties": { "LabelIds": "(1:188)" }, "geometry": { "type": "Point", "coordinates": [ 375749.329437, 4124917.274798 ] } }
,
{ "type": "Feature", "properties": { "LabelIds": "(1:189)" }, "geometry": { "type": "Point", "coordinates": [ 374144.146850, 4124920.425869 ] } }
,
{ "type": "Feature", "properties": { "LabelIds": "(1:190)" }, "geometry": { "type": "Point", "coordinates": [ 373772.076714, 4124803.929692 ] } }
,
{ "type": "Feature", "properties": { "LabelIds": "(1:191)" }, "geometry": { "type": "Point", "coordinates": [ 366345.384932, 4124226.181237 ] } }
,
{ "type": "Feature", "properties": { "LabelIds": "(1:192)" }, "geometry": { "type": "Point", "coordinates": [ 380267.317552, 4124630.688363 ] } }
,
{ "type": "Feature", "properties": { "LabelIds": "(1:193)" }, "geometry": { "type": "Point", "coordinates": [ 373125.260688, 4123986.493678 ] } }
,
{ "type": "Feature", "properties": { "LabelIds": "(1:194)" }, "geometry": { "type": "Point", "coordinates": [ 373812.259368, 4124602.567320 ] } }
,
{ "type": "Feature", "properties": { "LabelIds": "(1:195)" }, "geometry": { "type": "Point", "coordinates": [ 373639.478326, 4124514.664605 ] } }
,
{ "type": "Feature", "properties": { "LabelIds": "(1:196)" }, "geometry": { "type": "Point", "coordinates": [ 373835.312983, 4124285.042949 ] } }
,
{ "type": "Feature", "properties": { "LabelIds": "(1:197)" }, "geometry": { "type": "Point", "coordinates": [ 368609.747026, 4124073.608814 ] } }
,
{ "type": "Feature", "properties": { "LabelIds": "(1:198)" }, "geometry": { "type": "Point", "coordinates": [ 368187.517451, 4123878.865112 ] } }
,
{ "type": "Feature", "properties": { "LabelIds": "(1:199)" }, "geometry": { "type": "Point", "coordinates": [ 368708.433533, 4123861.065205 ] } }
,
{ "type": "Feature", "properties": { "LabelIds": "(1:200)" }, "geometry": { "type": "Point", "coordinates": [ 369500.498530, 4123688.748962 ] } }
,
{ "type": "Feature", "properties": { "LabelIds": "(1:201)" }, "geometry": { "type": "Point", "coordinates": [ 366383.585444, 4123495.908162 ] } }
,
{ "type": "Feature", "properties": { "LabelIds": "(1:202)" }, "geometry": { "type": "Point", "coordinates": [ 368955.835995, 4123660.028620 ] } }
,
{ "type": "Feature", "properties": { "LabelIds": "(1:203)" }, "geometry": { "type": "Point", "coordinates": [ 367609.255506, 4123586.333464 ] } }
,
{ "type": "Feature", "properties": { "LabelIds": "(1:204)" }, "geometry": { "type": "Point", "coordinates": [ 369058.908880, 4123455.316495 ] } }
,
{ "type": "Feature", "properties": { "LabelIds": "(1:205)" }, "geometry": { "type": "Point", "coordinates": [ 370253.280003, 4123572.165757 ] } }
,
{ "type": "Feature", "properties": { "LabelIds": "(1:206)" }, "geometry": { "type": "Point", "coordinates": [ 373299.884396, 4123538.914314 ] } }
,
{ "type": "Feature", "properties": { "LabelIds": "(1:207)" }, "geometry": { "type": "Point", "coordinates": [ 367084.884340, 4123484.412347 ] } }
,
{ "type": "Feature", "properties": { "LabelIds": "(1:208)" }, "geometry": { "type": "Point", "coordinates": [ 366920.155275, 4123375.342623 ] } }
,
{ "type": "Feature", "properties": { "LabelIds": "(1:209)" }, "geometry": { "type": "Point", "coordinates": [ 366746.083507, 4123207.905715 ] } }
,
{ "type": "Feature", "properties": { "LabelIds": "(1:210)" }, "geometry": { "type": "Point", "coordinates": [ 366850.186936, 4121824.246395 ] } }
,
{ "type": "Feature", "properties": { "LabelIds": "(1:211)" }, "geometry": { "type": "Point", "coordinates": [ 367378.342595, 4121118.944920 ] } }
,
{ "type": "Feature", "properties": { "LabelIds": "(1:212)" }, "geometry": { "type": "Point", "coordinates": [ 376517.531892, 4120341.288099 ] } }
,
{ "type": "Feature", "properties": { "LabelIds": "(1:213)" }, "geometry": { "type": "Point", "coordinates": [ 373954.947646, 4120806.973626 ] } }
,
{ "type": "Feature", "properties": { "LabelIds": "(1:214)" }, "geometry": { "type": "Point", "coordinates": [ 368299.754083, 4120761.153323 ] } }
,
{ "type": "Feature", "properties": { "LabelIds": "(1:215)" }, "geometry": { "type": "Point", "coordinates": [ 374128.086774, 4120604.306088 ] } }
,
{ "type": "Feature", "properties": { "LabelIds": "(1:216)" }, "geometry": { "type": "Point", "coordinates": [ 373403.543922, 4120574.462066 ] } }
,
{ "type": "Feature", "properties": { "LabelIds": "(1:217)" }, "geometry": { "type": "Point", "coordinates": [ 369208.834506, 4120246.433700 ] } }
,
{ "type": "Feature", "properties": { "LabelIds": "(1:218)" }, "geometry": { "type": "Point", "coordinates": [ 371763.124110, 4120372.865228 ] } }
,
{ "type": "Feature", "properties": { "LabelIds": "(1:219)" }, "geometry": { "type": "Point", "coordinates": [ 374160.862312, 4120212.101764 ] } }
,
{ "type": "Feature", "properties": { "LabelIds": "(1:220)" }, "geometry": { "type": "Point", "coordinates": [ 373986.015197, 4120157.364960 ] } }
,
{ "type": "Feature", "properties": { "LabelIds": "(1:221)" }, "geometry": { "type": "Point", "coordinates": [ 375328.884491, 4119654.993732 ] } }
,
{ "type": "Feature", "properties": { "LabelIds": "(1:222)" }, "geometry": { "type": "Point", "coordinates": [ 374338.631844, 4120146.884449 ] } }
,
{ "type": "Feature", "properties": { "LabelIds": "(1:223)" }, "geometry": { "type": "Point", "coordinates": [ 369940.560512, 4120077.339606 ] } }
,
{ "type": "Feature", "properties": { "LabelIds": "(1:224)" }, "geometry": { "type": "Point", "coordinates": [ 374269.218660, 4119468.478600 ] } }
,
{ "type": "Feature", "properties": { "LabelIds": "(1:225)" }, "geometry": { "type": "Point", "coordinates": [ 375405.107784, 4118933.776262 ] } }
,
{ "type": "Feature", "properties": { "LabelIds": "(1:226)" }, "geometry": { "type": "Point", "coordinates": [ 374596.314643, 4118728.301089 ] } }
,
{ "type": "Feature", "properties": { "LabelIds": "(1:227)" }, "geometry": { "type": "Point", "coordinates": [ 376581.335922, 4117460.144366 ] } }
,
{ "type": "Feature", "properties": { "LabelIds": "(1:228)" }, "geometry": { "type": "Point", "coordinates": [ 382094.259273, 4116284.807501 ] } }
,
{ "type": "Feature", "properties": { "LabelIds": "(1:229)" }, "geometry": { "type": "Point", "coordinates": [ 376641.773713, 4115910.913989 ] } }
,
{ "type": "Feature", "properties": { "LabelIds": "(1:230)" }, "geometry": { "type": "Point", "coordinates": [ 376698.825785, 4115354.105420 ] } }
,
{ "type": "Feature", "properties": { "LabelIds": "(1:231)" }, "geometry": { "type": "Point", "coordinates": [ 382205.391135, 4115596.873029 ] } }
,
{ "type": "Feature", "properties": { "LabelIds": "(1:232)" }, "geometry": { "type": "Point", "coordinates": [ 375995.935025, 4115302.598045 ] } }
,
{ "type": "Feature", "properties": { "LabelIds": "(1:233)" }, "geometry": { "type": "Point", "coordinates": [ 375583.553258, 4115359.529858 ] } }
,
{ "type": "Feature", "properties": { "LabelIds": "(1:234)" }, "geometry": { "type": "Point", "coordinates": [ 375193.347386, 4114892.580586 ] } }
,
{ "type": "Feature", "properties": { "LabelIds": "(1:235)" }, "geometry": { "type": "Point", "coordinates": [ 376155.424027, 4114967.070809 ] } }
,
{ "type": "Feature", "properties": { "LabelIds": "(1:236)" }, "geometry": { "type": "Point", "coordinates": [ 376525.575856, 4114809.337797 ] } }
,
{ "type": "Feature", "properties": { "LabelIds": "(1:237)" }, "geometry": { "type": "Point", "coordinates": [ 382894.220253, 4112245.631934 ] } }
,
{ "type": "Feature", "properties": { "LabelIds": "(1:238)" }, "geometry": { "type": "Point", "coordinates": [ 376440.477669, 4113693.874614 ] } }
,
{ "type": "Feature", "properties": { "LabelIds": "(1:239)" }, "geometry": { "type": "Point", "coordinates": [ 377854.673238, 4113750.741048 ] } }
,
{ "type": "Feature", "properties": { "LabelIds": "(1:240)" }, "geometry": { "type": "Point", "coordinates": [ 381080.702789, 4113791.520085 ] } }
,
{ "type": "Feature", "properties": { "LabelIds": "(1:241)" }, "geometry": { "type": "Point", "coordinates": [ 380860.185269, 4113757.195964 ] } }
,
{ "type": "Feature", "properties": { "LabelIds": "(1:242)" }, "geometry": { "type": "Point", "coordinates": [ 383901.185794, 4113039.635677 ] } }
,
{ "type": "Feature", "properties": { "LabelIds": "(1:243)" }, "geometry": { "type": "Point", "coordinates": [ 378138.096649, 4112969.371651 ] } }
,
{ "type": "Feature", "properties": { "LabelIds": "(1:244)" }, "geometry": { "type": "Point", "coordinates": [ 378173.238004, 4112642.489325 ] } }
,
{ "type": "Feature", "properties": { "LabelIds": "(1:245)" }, "geometry": { "type": "Point", "coordinates": [ 377910.063877, 4112569.932973 ] } }
,
{ "type": "Feature", "properties": { "LabelIds": "(1:246)" }, "geometry": { "type": "Point", "coordinates": [ 377980.408166, 4112534.952972 ] } }
,
{ "type": "Feature", "properties": { "LabelIds": "(1:247)" }, "geometry": { "type": "Point", "coordinates": [ 378225.140719, 4112389.539003 ] } }
,
{ "type": "Feature", "properties": { "LabelIds": "(1:248)" }, "geometry": { "type": "Point", "coordinates": [ 385196.236850, 4108701.637471 ] } }
,
{ "type": "Feature", "properties": { "LabelIds": "(1:249)" }, "geometry": { "type": "Point", "coordinates": [ 386078.738489, 4108762.282359 ] } }
,
{ "type": "Feature", "properties": { "LabelIds": "(1:250)" }, "geometry": { "type": "Point", "coordinates": [ 383456.590773, 4108066.992334 ] } }
,
{ "type": "Feature", "properties": { "LabelIds": "(1:251)" }, "geometry": { "type": "Point", "coordinates": [ 380188.682132, 4107924.293451 ] } }
,
{ "type": "Feature", "properties": { "LabelIds": "(1:252)" }, "geometry": { "type": "Point", "coordinates": [ 382166.146377, 4107668.349887 ] } }
,
{ "type": "Feature", "properties": { "LabelIds": "(1:253)" }, "geometry": { "type": "Point", "coordinates": [ 381506.647729, 4107515.014983 ] } }
,
{ "type": "Feature", "properties": { "LabelIds": "(1:254)" }, "geometry": { "type": "Point", "coordinates": [ 384621.618911, 4107222.647282 ] } }
,
{ "type": "Feature", "properties": { "LabelIds": "(1:255)" }, "geometry": { "type": "Point", "coordinates": [ 385332.607505, 4107454.284974 ] } }
,
{ "type": "Feature", "properties": { "LabelIds": "(1:256)" }, "geometry": { "type": "Point", "coordinates": [ 385471.062214, 4107252.214839 ] } }
,
{ "type": "Feature", "properties": { "LabelIds": "(1:257)" }, "geometry": { "type": "Point", "coordinates": [ 380747.134677, 4106921.257538 ] } }
,
{ "type": "Feature", "properties": { "LabelIds": "(1:258)" }, "geometry": { "type": "Point", "coordinates": [ 384951.760591, 4107039.678612 ] } }
,
{ "type": "Feature", "properties": { "LabelIds": "(1:259)" }, "geometry": { "type": "Point", "coordinates": [ 385103.956889, 4106822.781012 ] } }
,
{ "type": "Feature", "properties": { "LabelIds": "(1:260)" }, "geometry": { "type": "Point", "coordinates": [ 385575.037726, 4106875.571823 ] } }
,
{ "type": "Feature", "properties": { "LabelIds": "(1:261)" }, "geometry": { "type": "Point", "coordinates": [ 384390.287822, 4106729.885919 ] } }
,
{ "type": "Feature", "properties": { "LabelIds": "(1:262)" }, "geometry": { "type": "Point", "coordinates": [ 384663.512687, 4106512.356344 ] } }
,
{ "type": "Feature", "properties": { "LabelIds": "(1:263)" }, "geometry": { "type": "Point", "coordinates": [ 383089.918602, 4106439.684661 ] } }
,
{ "type": "Feature", "properties": { "LabelIds": "(1:264)" }, "geometry": { "type": "Point", "coordinates": [ 382631.903263, 4106525.678276 ] } }
,
{ "type": "Feature", "properties": { "LabelIds": "(1:265)" }, "geometry": { "type": "Point", "coordinates": [ 384033.703383, 4106191.649411 ] } }
,
{ "type": "Feature", "properties": { "LabelIds": "(1:266)" }, "geometry": { "type": "Point", "coordinates": [ 381967.474809, 4105621.719810 ] } }
,
{ "type": "Feature", "properties": { "LabelIds": "(1:267)" }, "geometry": { "type": "Point", "coordinates": [ 381483.074414, 4104550.075499 ] } }
,
{ "type": "Feature", "properties": { "LabelIds": "(1:268)" }, "geometry": { "type": "Point", "coordinates": [ 381203.069625, 4104181.730462 ] } }

]
}
