{
"type": "FeatureCollection",
"crs": { "type": "name", "properties": { "name": "urn:ogc:def:crs:EPSG::3748" } },
                                                                                
"features": [
{ "type": "Feature", "properties": { "LabelIds": [ ] }, "geometry": { "type": "Point", "coordinates": [ 376301.1825056860107, 4139338.719262760132551 ] } },
{ "type": "Feature", "properties": { "LabelIds": [ 1 ] }, "geometry": { "type": "Point", "coordinates": [ 376294.26470324100228, 4139094.795895350165665 ] } },
{ "type": "Feature", "properties": { "LabelIds": [ 2 ] }, "geometry": { "type": "Point", "coordinates": [ 413472.553520739020314, 4204563.747096790000796 ] } },
{ "type": "Feature", "properties": { "LabelIds": [ 3 ] }, "geometry": { "type": "Point", "coordinates": [ 409886.709935760009103, 4203066.365143779665232 ] } },
{ "type": "Feature", "properties": { "LabelIds": [ 4 ] }, "geometry": { "type": "Point", "coordinates": [ 412900.866640558990184, 4202437.066877920180559 ] } },
{ "type": "Feature", "properties": { "LabelIds": [ 5 ] }, "geometry": { "type": "Point", "coordinates": [ 409862.205652431992348, 4202464.4022355703637 ] } },
{ "type": "Feature", "properties": { "LabelIds": [ 6 ] }, "geometry": { "type": "Point", "coordinates": [ 410737.862775699992198, 4202039.214455460198224 ] } },
{ "type": "Feature", "properties": { "LabelIds": [ 7 ] }, "geometry": { "type": "Point", "coordinates": [ 408912.633391463023145, 4202248.127406329847872 ] } },
{ "type": "Feature", "properties": { "LabelIds": [ 8 ] }, "geometry": { "type": "Point", "coordinates": [ 411777.720398440025747, 4202234.762121300213039 ] } },
{ "type": "Feature", "properties": { "LabelIds": [ 9 ] }, "geometry": { "type": "Point", "coordinates": [ 409305.658078753971495, 4201821.222173740155995 ] } },
{ "type": "Feature", "properties": { "LabelIds": [ 10 ] }, "geometry": { "type": "Point", "coordinates": [ 409887.756931581010576, 4201813.160622550174594 ] } },
{ "type": "Feature", "properties": { "LabelIds": [ 11 ] }, "geometry": { "type": "Point", "coordinates": [ 412909.79021853901213, 4201527.763059549964964 ] } },
{ "type": "Feature", "properties": { "LabelIds": [ 12 ] }, "geometry": { "type": "Point", "coordinates": [ 411552.694487142027356, 4201499.469241820275784 ] } },
{ "type": "Feature", "properties": { "LabelIds": [ 13 ] }, "geometry": { "type": "Point", "coordinates": [ 410712.14169880998088, 4201277.213263699784875 ] } },
{ "type": "Feature", "properties": { "LabelIds": [ 14 ] }, "geometry": { "type": "Point", "coordinates": [ 409416.995439348975196, 4201201.061717240139842 ] } },
{ "type": "Feature", "properties": { "LabelIds": [ 15 ] }, "geometry": { "type": "Point", "coordinates": [ 409476.819624905008823, 4200829.100510399788618 ] } },
{ "type": "Feature", "properties": { "LabelIds": [ 16 ] }, "geometry": { "type": "Point", "coordinates": [ 410744.249299987975974, 4200925.320387450046837 ] } },
{ "type": "Feature", "properties": { "LabelIds": [ 17 ] }, "geometry": { "type": "Point", "coordinates": [ 411588.147626682999544, 4201072.587774509564042 ] } },
{ "type": "Feature", "properties": { "LabelIds": [ 18 ] }, "geometry": { "type": "Point", "coordinates": [ 411981.103495044982992, 4199810.864756270311773 ] } },
{ "type": "Feature", "properties": { "LabelIds": [ 19 ] }, "geometry": { "type": "Point", "coordinates": [ 408939.824913321994245, 4200354.398498680442572 ] } },
{ "type": "Feature", "properties": { "LabelIds": [ 20 ] }, "geometry": { "type": "Point", "coordinates": [ 410878.617966369027272, 4196592.710168070159853 ] } },
{ "type": "Feature", "properties": { "LabelIds": [ 21 ] }, "geometry": { "type": "Point", "coordinates": [ 412281.448435402009636, 4199342.384813820011914 ] } },
{ "type": "Feature", "properties": { "LabelIds": [ 22 ] }, "geometry": { "type": "Point", "coordinates": [ 408780.299012501025572, 4199313.082841940224171 ] } },
{ "type": "Feature", "properties": { "LabelIds": [ 23 ] }, "geometry": { "type": "Point", "coordinates": [ 408988.906192026974168, 4199442.44017799012363 ] } },
{ "type": "Feature", "properties": { "LabelIds": [ 24 ] }, "geometry": { "type": "Point", "coordinates": [ 410166.160843684978317, 4198033.049759699963033 ] } },
{ "type": "Feature", "properties": { "LabelIds": [ 25 ] }, "geometry": { "type": "Point", "coordinates": [ 409144.709040048008319, 4198130.020703939720988 ] } },
{ "type": "Feature", "properties": { "LabelIds": [ 26 ] }, "geometry": { "type": "Point", "coordinates": [ 408719.768848876992706, 4197995.759041129611433 ] } },
{ "type": "Feature", "properties": { "LabelIds": [ 27 ] }, "geometry": { "type": "Point", "coordinates": [ 409549.298582078015897, 4197511.98584046959877 ] } },
{ "type": "Feature", "properties": { "LabelIds": [ 28 ] }, "geometry": { "type": "Point", "coordinates": [ 408768.037455309007782, 4197474.101413879543543 ] } },
{ "type": "Feature", "properties": { "LabelIds": [ 29 ] }, "geometry": { "type": "Point", "coordinates": [ 410233.425198361976072, 4194290.838598750066012 ] } },
{ "type": "Feature", "properties": { "LabelIds": [ 30 ] }, "geometry": { "type": "Point", "coordinates": [ 422873.343913002987392, 4196705.997586750425398 ] } },
{ "type": "Feature", "properties": { "LabelIds": [ 31 ] }, "geometry": { "type": "Point", "coordinates": [ 421205.056307827006094, 4196445.512259669601917 ] } },
{ "type": "Feature", "properties": { "LabelIds": [ 32 ] }, "geometry": { "type": "Point", "coordinates": [ 422365.403079757990781, 4196400.897461759857833 ] } },
{ "type": "Feature", "properties": { "LabelIds": [ 33 ] }, "geometry": { "type": "Point", "coordinates": [ 422764.219161065993831, 4196402.38926 ] } },
{ "type": "Feature", "properties": { "LabelIds": [ 34 ] }, "geometry": { "type": "Point", "coordinates": [ 422374.456972034007777, 4196345.168936840258539 ] } },
{ "type": "Feature", "properties": { "LabelIds": [ 35 ] }, "geometry": { "type": "Point", "coordinates": [ 422843.295943276025355, 4196235.309542830102146 ] } },
{ "type": "Feature", "properties": { "LabelIds": [ 36 ] }, "geometry": { "type": "Point", "coordinates": [ 422587.568742499977816, 4196220.774565479718149 ] } },
{ "type": "Feature", "properties": { "LabelIds": [ 37 ] }, "geometry": { "type": "Point", "coordinates": [ 422275.077136435022112, 4196336.721976569853723 ] } },
{ "type": "Feature", "properties": { "LabelIds": [ 38 ] }, "geometry": { "type": "Point", "coordinates": [ 422138.820523141999729, 4196124.347112519666553 ] } },
{ "type": "Feature", "properties": { "LabelIds": [ 39 ] }, "geometry": { "type": "Point", "coordinates": [ 422822.34610517200781, 4195901.47161016985774 ] } },
{ "type": "Feature", "properties": { "LabelIds": [ 40 ] }, "geometry": { "type": "Point", "coordinates": [ 422510.055448342987802, 4195877.397383900359273 ] } },
{ "type": "Feature", "properties": { "LabelIds": [ 41 ] }, "geometry": { "type": "Point", "coordinates": [ 421571.581889568013139, 4195306.400422 ] } },
{ "type": "Feature", "properties": { "LabelIds": [ 42 ] }, "geometry": { "type": "Point", "coordinates": [ 411622.23489740001969, 4194884.103568240068853 ] } },
{ "type": "Feature", "properties": { "LabelIds": [ 43 ] }, "geometry": { "type": "Point", "coordinates": [ 421180.446882407995872, 4194849.885509939864278 ] } },
{ "type": "Feature", "properties": { "LabelIds": [ 44 ] }, "geometry": { "type": "Point", "coordinates": [ 421073.429647432989441, 4194777.530907720327377 ] } },
{ "type": "Feature", "properties": { "LabelIds": [ 45 ] }, "geometry": { "type": "Point", "coordinates": [ 421063.694351438025478, 4194475.129920519888401 ] } },
{ "type": "Feature", "properties": { "LabelIds": [ 46 ] }, "geometry": { "type": "Point", "coordinates": [ 411918.530912188987713, 4193322.708078510127962 ] } },
{ "type": "Feature", "properties": { "LabelIds": [ 47 ] }, "geometry": { "type": "Point", "coordinates": [ 421293.765051077003591, 4193696.62325476994738 ] } },
{ "type": "Feature", "properties": { "LabelIds": [ 48 ] }, "geometry": { "type": "Point", "coordinates": [ 412868.781982806976885, 4193088.44268715986982 ] } },
{ "type": "Feature", "properties": { "LabelIds": [ 49 ] }, "geometry": { "type": "Point", "coordinates": [ 411827.096156263025478, 4193374.990853040013462 ] } },
{ "type": "Feature", "properties": { "LabelIds": [ 50 ] }, "geometry": { "type": "Point", "coordinates": [ 412666.846216029021889, 4192815.052433060016483 ] } },
{ "type": "Feature", "properties": { "LabelIds": [ 51 ] }, "geometry": { "type": "Point", "coordinates": [ 411013.437901265977416, 4193082.220309580210596 ] } },
{ "type": "Feature", "properties": { "LabelIds": [ 52 ] }, "geometry": { "type": "Point", "coordinates": [ 410449.475305125990417, 4192387.383856430184096 ] } },
{ "type": "Feature", "properties": { "LabelIds": [ 53 ] }, "geometry": { "type": "Point", "coordinates": [ 411463.297486889001448, 4192221.884647279977798 ] } },
{ "type": "Feature", "properties": { "LabelIds": [ 54 ] }, "geometry": { "type": "Point", "coordinates": [ 411960.720687869004905, 4191977.868091819807887 ] } },
{ "type": "Feature", "properties": { "LabelIds": [ 55 ] }, "geometry": { "type": "Point", "coordinates": [ 412474.173113287019078, 4191469.810751489829272 ] } },
{ "type": "Feature", "properties": { "LabelIds": [ 56 ] }, "geometry": { "type": "Point", "coordinates": [ 413603.589345851971302, 4192284.99382926011458 ] } },
{ "type": "Feature", "properties": { "LabelIds": [ 57 ] }, "geometry": { "type": "Point", "coordinates": [ 411264.978145952976774, 4191855.799479569774121 ] } },
{ "type": "Feature", "properties": { "LabelIds": [ 58 ] }, "geometry": { "type": "Point", "coordinates": [ 439793.420015520008747, 4191977.387874910142273 ] } },
{ "type": "Feature", "properties": { "LabelIds": [ 59 ] }, "geometry": { "type": "Point", "coordinates": [ 439737.795371919986792, 4191883.841007490176708 ] } },
{ "type": "Feature", "properties": { "LabelIds": [ 60 ] }, "geometry": { "type": "Point", "coordinates": [ 411623.178650886984542, 4191241.277906539849937 ] } },
{ "type": "Feature", "properties": { "LabelIds": [ 61 ] }, "geometry": { "type": "Point", "coordinates": [ 439212.079674281005282, 4190823.723268140107393 ] } },
{ "type": "Feature", "properties": { "LabelIds": [ 62 ] }, "geometry": { "type": "Point", "coordinates": [ 411954.811491561005823, 4190628.192343499977142 ] } },
{ "type": "Feature", "properties": { "LabelIds": [ 63 ] }, "geometry": { "type": "Point", "coordinates": [ 436298.654004145995714, 4190850.534413320012391 ] } },
{ "type": "Feature", "properties": { "LabelIds": [ 64 ] }, "geometry": { "type": "Point", "coordinates": [ 436047.886301112012006, 4190739.943937229923904 ] } },
{ "type": "Feature", "properties": { "LabelIds": [ 65 ] }, "geometry": { "type": "Point", "coordinates": [ 412331.631642332999036, 4190383.334122779779136 ] } },
{ "type": "Feature", "properties": { "LabelIds": [ 66 ] }, "geometry": { "type": "Point", "coordinates": [ 412270.911709243024234, 4189752.988000269979239 ] } },
{ "type": "Feature", "properties": { "LabelIds": [ 67 ] }, "geometry": { "type": "Point", "coordinates": [ 412976.504490237974096, 4189162.578755959868431 ] } },
{ "type": "Feature", "properties": { "LabelIds": [ 68 ] }, "geometry": { "type": "Point", "coordinates": [ 384182.879582476976793, 4189656.855919760186225 ] } },
{ "type": "Feature", "properties": { "LabelIds": [ 69 ] }, "geometry": { "type": "Point", "coordinates": [ 412036.552427274989896, 4189507.866832139901817 ] } },
{ "type": "Feature", "properties": { "LabelIds": [ 70 ] }, "geometry": { "type": "Point", "coordinates": [ 383934.782928914995864, 4189587.193669840227813 ] } },
{ "type": "Feature", "properties": { "LabelIds": [ 71 ] }, "geometry": { "type": "Point", "coordinates": [ 438117.483232112019323, 4189244.074642209801823 ] } },
{ "type": "Feature", "properties": { "LabelIds": [ 72 ] }, "geometry": { "type": "Point", "coordinates": [ 437547.457748641027138, 4188992.241889089811593 ] } },
{ "type": "Feature", "properties": { "LabelIds": [ 73 ] }, "geometry": { "type": "Point", "coordinates": [ 438188.913404827006161, 4189034.205723119899631 ] } },
{ "type": "Feature", "properties": { "LabelIds": [ 74 ] }, "geometry": { "type": "Point", "coordinates": [ 438193.083514428988565, 4188943.611415329854935 ] } },
{ "type": "Feature", "properties": { "LabelIds": [ 75 ] }, "geometry": { "type": "Point", "coordinates": [ 383462.561197759991046, 4188585.91096 ] } },
{ "type": "Feature", "properties": { "LabelIds": [ 76 ] }, "geometry": { "type": "Point", "coordinates": [ 437657.927857125003356, 4188265.332493820227683 ] } },
{ "type": "Feature", "properties": { "LabelIds": [ 77 ] }, "geometry": { "type": "Point", "coordinates": [ 383523.686119820980821, 4188209.763962760102004 ] } },
{ "type": "Feature", "properties": { "LabelIds": [ 78 ] }, "geometry": { "type": "Point", "coordinates": [ 383784.095687057008035, 4187735.221211520023644 ] } },
{ "type": "Feature", "properties": { "LabelIds": [ 79 ] }, "geometry": { "type": "Point", "coordinates": [ 414158.708731918013655, 4187990.201917979866266 ] } },
{ "type": "Feature", "properties": { "LabelIds": [ 80 ] }, "geometry": { "type": "Point", "coordinates": [ 384645.271591186989099, 4187857.907657030038536 ] } },
{ "type": "Feature", "properties": { "LabelIds": [ 81 ] }, "geometry": { "type": "Point", "coordinates": [ 433614.966237324988469, 4187776.874473180156201 ] } },
{ "type": "Feature", "properties": { "LabelIds": [ 82 ] }, "geometry": { "type": "Point", "coordinates": [ 413320.774281686986797, 4187724.967577440198511 ] } },
{ "type": "Feature", "properties": { "LabelIds": [ 83 ] }, "geometry": { "type": "Point", "coordinates": [ 437393.985997868992854, 4187764.450895179994404 ] } },
{ "type": "Feature", "properties": { "LabelIds": [ 84 ] }, "geometry": { "type": "Point", "coordinates": [ 413323.608107824984472, 4187418.659326309803873 ] } },
{ "type": "Feature", "properties": { "LabelIds": [ 85 ] }, "geometry": { "type": "Point", "coordinates": [ 432342.594401406007819, 4187379.344238730147481 ] } },
{ "type": "Feature", "properties": { "LabelIds": [ 86 ] }, "geometry": { "type": "Point", "coordinates": [ 384070.115677276975475, 4187592.012834819965065 ] } },
{ "type": "Feature", "properties": { "LabelIds": [ 87 ] }, "geometry": { "type": "Point", "coordinates": [ 412780.254871162003838, 4187580.976539860013872 ] } },
{ "type": "Feature", "properties": { "LabelIds": [ 88 ] }, "geometry": { "type": "Point", "coordinates": [ 413532.607910181977786, 4187293.268047859892249 ] } },
{ "type": "Feature", "properties": { "LabelIds": [ 89 ] }, "geometry": { "type": "Point", "coordinates": [ 412869.602876951976214, 4187535.632543960120529 ] } },
{ "type": "Feature", "properties": { "LabelIds": [ 90 ] }, "geometry": { "type": "Point", "coordinates": [ 413326.718309689022135, 4186229.137999049853534 ] } },
{ "type": "Feature", "properties": { "LabelIds": [ 91 ] }, "geometry": { "type": "Point", "coordinates": [ 437465.529656385013368, 4187432.117985249962658 ] } },
{ "type": "Feature", "properties": { "LabelIds": [ 92 ] }, "geometry": { "type": "Point", "coordinates": [ 433114.234670609992463, 4187049.224728010129184 ] } },
{ "type": "Feature", "properties": { "LabelIds": [ 93 ] }, "geometry": { "type": "Point", "coordinates": [ 437353.66017834097147, 4187273.546251399908215 ] } },
{ "type": "Feature", "properties": { "LabelIds": [ 94 ] }, "geometry": { "type": "Point", "coordinates": [ 383980.734655639971606, 4187199.700119010172784 ] } },
{ "type": "Feature", "properties": { "LabelIds": [ 95 ] }, "geometry": { "type": "Point", "coordinates": [ 437496.058426867995877, 4187186.083096819929779 ] } },
{ "type": "Feature", "properties": { "LabelIds": [ 96 ] }, "geometry": { "type": "Point", "coordinates": [ 388992.823924591997638, 4187078.331634889822453 ] } },
{ "type": "Feature", "properties": { "LabelIds": [ 97 ] }, "geometry": { "type": "Point", "coordinates": [ 413472.689055332972202, 4186829.901589570101351 ] } },
{ "type": "Feature", "properties": { "LabelIds": [ 98 ] }, "geometry": { "type": "Point", "coordinates": [ 433044.838654294027947, 4186803.612273329868913 ] } },
{ "type": "Feature", "properties": { "LabelIds": [ 99 ] }, "geometry": { "type": "Point", "coordinates": [ 413946.512903872004244, 4186964.526643760036677 ] } },
{ "type": "Feature", "properties": { "LabelIds": [ 100 ] }, "geometry": { "type": "Point", "coordinates": [ 413476.127807594020851, 4186186.133969529997557 ] } },
{ "type": "Feature", "properties": { "LabelIds": [ 101 ] }, "geometry": { "type": "Point", "coordinates": [ 436939.310448327974882, 4186756.222704629879445 ] } },
{ "type": "Feature", "properties": { "LabelIds": [ 102 ] }, "geometry": { "type": "Point", "coordinates": [ 433819.311069126997609, 4186388.27935505984351 ] } },
{ "type": "Feature", "properties": { "LabelIds": [ 103 ] }, "geometry": { "type": "Point", "coordinates": [ 434298.870684868015815, 4186115.618426419794559 ] } },
{ "type": "Feature", "properties": { "LabelIds": [ 104 ] }, "geometry": { "type": "Point", "coordinates": [ 433982.169590255012736, 4186556.648213909938931 ] } },
{ "type": "Feature", "properties": { "LabelIds": [ 105 ] }, "geometry": { "type": "Point", "coordinates": [ 434707.730559548013844, 4185803.096954219974577 ] } },
{ "type": "Feature", "properties": { "LabelIds": [ 106 ] }, "geometry": { "type": "Point", "coordinates": [ 387141.937224618974142, 4185644.800827189814299 ] } },
{ "type": "Feature", "properties": { "LabelIds": [ 107 ] }, "geometry": { "type": "Point", "coordinates": [ 384862.218601487984415, 4186086.456677590031177 ] } },
{ "type": "Feature", "properties": { "LabelIds": [ 108 ] }, "geometry": { "type": "Point", "coordinates": [ 436320.312232105003204, 4185854.915875399950892 ] } },
{ "type": "Feature", "properties": { "LabelIds": [ 109 ] }, "geometry": { "type": "Point", "coordinates": [ 432193.65822731598746, 4185334.099082380067557 ] } },
{ "type": "Feature", "properties": { "LabelIds": [ 110 ] }, "geometry": { "type": "Point", "coordinates": [ 434358.891386086004786, 4184873.885884659830481 ] } },
{ "type": "Feature", "properties": { "LabelIds": [ 111 ] }, "geometry": { "type": "Point", "coordinates": [ 412827.71188182401238, 4185209.065192920155823 ] } },
{ "type": "Feature", "properties": { "LabelIds": [ 112 ] }, "geometry": { "type": "Point", "coordinates": [ 431618.499754460994154, 4185298.714820249937475 ] } },
{ "type": "Feature", "properties": { "LabelIds": [ 113 ] }, "geometry": { "type": "Point", "coordinates": [ 431741.263580152997747, 4185251.653505890164524 ] } },
{ "type": "Feature", "properties": { "LabelIds": [ 114 ] }, "geometry": { "type": "Point", "coordinates": [ 421442.860653940995689, 4185016.802197040058672 ] } },
{ "type": "Feature", "properties": { "LabelIds": [ 115 ] }, "geometry": { "type": "Point", "coordinates": [ 433977.545220353000332, 4184816.193779170047492 ] } },
{ "type": "Feature", "properties": { "LabelIds": [ 116 ] }, "geometry": { "type": "Point", "coordinates": [ 431874.236448684008792, 4184896.099745119921863 ] } },
{ "type": "Feature", "properties": { "LabelIds": [ 117 ] }, "geometry": { "type": "Point", "coordinates": [ 431754.623628214991186, 4184517.273763469886035 ] } },
{ "type": "Feature", "properties": { "LabelIds": [ 118 ] }, "geometry": { "type": "Point", "coordinates": [ 429683.77691524499096, 4184249.684983259998262 ] } },
{ "type": "Feature", "properties": { "LabelIds": [ 119 ] }, "geometry": { "type": "Point", "coordinates": [ 433595.106532322999556, 4184664.45760367019102 ] } },
{ "type": "Feature", "properties": { "LabelIds": [ 120 ] }, "geometry": { "type": "Point", "coordinates": [ 433508.056439661013428, 4184654.283294570166618 ] } },
{ "type": "Feature", "properties": { "LabelIds": [ 121 ] }, "geometry": { "type": "Point", "coordinates": [ 421684.595621954009403, 4183391.519686189945787 ] } },
{ "type": "Feature", "properties": { "LabelIds": [ 122 ] }, "geometry": { "type": "Point", "coordinates": [ 433446.5803240200039, 4184612.431396530009806 ] } },
{ "type": "Feature", "properties": { "LabelIds": [ 123 ] }, "geometry": { "type": "Point", "coordinates": [ 421549.838076127984095, 4184038.731398430187255 ] } },
{ "type": "Feature", "properties": { "LabelIds": [ 124 ] }, "geometry": { "type": "Point", "coordinates": [ 430469.211645636009052, 4184515.284079940058291 ] } },
{ "type": "Feature", "properties": { "LabelIds": [ 125 ] }, "geometry": { "type": "Point", "coordinates": [ 436442.355242909980007, 4184500.70861653983593 ] } },
{ "type": "Feature", "properties": { "LabelIds": [ 126 ] }, "geometry": { "type": "Point", "coordinates": [ 428537.021006094990298, 4183429.33573747985065 ] } },
{ "type": "Feature", "properties": { "LabelIds": [ 127 ] }, "geometry": { "type": "Point", "coordinates": [ 434868.902729117020499, 4184249.933445539791137 ] } },
{ "type": "Feature", "properties": { "LabelIds": [ 128 ] }, "geometry": { "type": "Point", "coordinates": [ 435354.636145512980875, 4183865.279626079834998 ] } },
{ "type": "Feature", "properties": { "LabelIds": [ 129 ] }, "geometry": { "type": "Point", "coordinates": [ 432042.871059758996125, 4183965.219670210033655 ] } },
{ "type": "Feature", "properties": { "LabelIds": [ 130 ] }, "geometry": { "type": "Point", "coordinates": [ 432578.431173491000663, 4183822.92407040996477 ] } },
{ "type": "Feature", "properties": { "LabelIds": [ 131 ] }, "geometry": { "type": "Point", "coordinates": [ 428636.263966248021461, 4183239.218214110005647 ] } },
{ "type": "Feature", "properties": { "LabelIds": [ 132 ] }, "geometry": { "type": "Point", "coordinates": [ 433551.111520098987967, 4183127.493635610211641 ] } },
{ "type": "Feature", "properties": { "LabelIds": [ 133 ] }, "geometry": { "type": "Point", "coordinates": [ 428141.514582654985134, 4182064.94454499008134 ] } },
{ "type": "Feature", "properties": { "LabelIds": [ 134 ] }, "geometry": { "type": "Point", "coordinates": [ 428460.079336708004121, 4182957.900014489889145 ] } },
{ "type": "Feature", "properties": { "LabelIds": [ 135 ] }, "geometry": { "type": "Point", "coordinates": [ 385494.147399200999644, 4182762.380759899970144 ] } },
{ "type": "Feature", "properties": { "LabelIds": [ 136 ] }, "geometry": { "type": "Point", "coordinates": [ 386863.05343339801766, 4182410.516915029846132 ] } },
{ "type": "Feature", "properties": { "LabelIds": [ 137 ] }, "geometry": { "type": "Point", "coordinates": [ 387897.443820856977254, 4182438.801673479843885 ] } },
{ "type": "Feature", "properties": { "LabelIds": [ 138 ] }, "geometry": { "type": "Point", "coordinates": [ 428707.538076846976765, 4181925.982497800141573 ] } },
{ "type": "Feature", "properties": { "LabelIds": [ 139 ] }, "geometry": { "type": "Point", "coordinates": [ 386403.54578575398773, 4182339.759630340151489 ] } },
{ "type": "Feature", "properties": { "LabelIds": [ 140 ] }, "geometry": { "type": "Point", "coordinates": [ 429869.77509094501147, 4182024.753856270108372 ] } },
{ "type": "Feature", "properties": { "LabelIds": [ 141 ] }, "geometry": { "type": "Point", "coordinates": [ 428397.124568649975117, 4181696.504188879858702 ] } },
{ "type": "Feature", "properties": { "LabelIds": [ 142 ] }, "geometry": { "type": "Point", "coordinates": [ 386309.694411227013916, 4181939.147808040026575 ] } },
{ "type": "Feature", "properties": { "LabelIds": [ 143 ] }, "geometry": { "type": "Point", "coordinates": [ 430649.307056536024902, 4181684.509612579829991 ] } },
{ "type": "Feature", "properties": { "LabelIds": [ 144 ] }, "geometry": { "type": "Point", "coordinates": [ 429810.663374153024051, 4181554.754932969808578 ] } },
{ "type": "Feature", "properties": { "LabelIds": [ 145 ] }, "geometry": { "type": "Point", "coordinates": [ 429551.642351766000502, 4181566.702311649918556 ] } },
{ "type": "Feature", "properties": { "LabelIds": [ 146 ] }, "geometry": { "type": "Point", "coordinates": [ 431132.804790975002106, 4181463.369947529863566 ] } },
{ "type": "Feature", "properties": { "LabelIds": [ 147 ] }, "geometry": { "type": "Point", "coordinates": [ 430826.948092342994642, 4181020.201807139907032 ] } },
{ "type": "Feature", "properties": { "LabelIds": [ 148 ] }, "geometry": { "type": "Point", "coordinates": [ 430604.34149261697894, 4181152.291919849812984 ] } },
{ "type": "Feature", "properties": { "LabelIds": [ 149 ] }, "geometry": { "type": "Point", "coordinates": [ 430625.319042021001223, 4180987.231665669940412 ] } },
{ "type": "Feature", "properties": { "LabelIds": [ 150 ] }, "geometry": { "type": "Point", "coordinates": [ 429299.448037502996158, 4180122.751068769954145 ] } },
{ "type": "Feature", "properties": { "LabelIds": [ 151 ] }, "geometry": { "type": "Point", "coordinates": [ 384788.468733184970915, 4181010.825697309803218 ] } },
{ "type": "Feature", "properties": { "LabelIds": [ 152 ] }, "geometry": { "type": "Point", "coordinates": [ 430257.307413855975028, 4180916.586554280016571 ] } },
{ "type": "Feature", "properties": { "LabelIds": [ 153 ] }, "geometry": { "type": "Point", "coordinates": [ 429625.537265116989147, 4180834.025844220072031 ] } },
{ "type": "Feature", "properties": { "LabelIds": [ 154 ] }, "geometry": { "type": "Point", "coordinates": [ 430539.545121069997549, 4180824.613150550052524 ] } },
{ "type": "Feature", "properties": { "LabelIds": [ 155 ] }, "geometry": { "type": "Point", "coordinates": [ 430427.783493223018013, 4180690.496171460021287 ] } },
{ "type": "Feature", "properties": { "LabelIds": [ 156 ] }, "geometry": { "type": "Point", "coordinates": [ 429829.989628903975245, 4180066.045816880185157 ] } },
{ "type": "Feature", "properties": { "LabelIds": [ 157 ] }, "geometry": { "type": "Point", "coordinates": [ 429901.989858862012625, 4179996.591072429902852 ] } },
{ "type": "Feature", "properties": { "LabelIds": [ 158 ] }, "geometry": { "type": "Point", "coordinates": [ 430166.171032437006943, 4179967.242716229986399 ] } },
{ "type": "Feature", "properties": { "LabelIds": [ 159 ] }, "geometry": { "type": "Point", "coordinates": [ 430095.083606373984367, 4179845.745346310082823 ] } },
{ "type": "Feature", "properties": { "LabelIds": [ 160 ] }, "geometry": { "type": "Point", "coordinates": [ 431692.669965512002818, 4179856.441633789800107 ] } },
{ "type": "Feature", "properties": { "LabelIds": [ 161 ] }, "geometry": { "type": "Point", "coordinates": [ 431105.836155276978388, 4179798.720678329933435 ] } },
{ "type": "Feature", "properties": { "LabelIds": [ 162 ] }, "geometry": { "type": "Point", "coordinates": [ 429769.420354046975262, 4179588.495217729825526 ] } },
{ "type": "Feature", "properties": { "LabelIds": [ 163 ] }, "geometry": { "type": "Point", "coordinates": [ 431001.633491787011735, 4179141.677496649790555 ] } },
{ "type": "Feature", "properties": { "LabelIds": [ 164 ] }, "geometry": { "type": "Point", "coordinates": [ 430419.562960760027636, 4178867.949290940072387 ] } },
{ "type": "Feature", "properties": { "LabelIds": [ 165 ] }, "geometry": { "type": "Point", "coordinates": [ 431259.498551592987496, 4178944.938059669919312 ] } },
{ "type": "Feature", "properties": { "LabelIds": [ 166 ] }, "geometry": { "type": "Point", "coordinates": [ 431716.037381367001217, 4178639.155162780079991 ] } },
{ "type": "Feature", "properties": { "LabelIds": [ 167 ] }, "geometry": { "type": "Point", "coordinates": [ 429236.992812389973551, 4178431.572767380159348 ] } },
{ "type": "Feature", "properties": { "LabelIds": [ 168 ] }, "geometry": { "type": "Point", "coordinates": [ 428536.19835412100656, 4178422.312834459822625 ] } },
{ "type": "Feature", "properties": { "LabelIds": [ 169 ] }, "geometry": { "type": "Point", "coordinates": [ 429836.750511082005687, 4178415.13784728012979 ] } },
{ "type": "Feature", "properties": { "LabelIds": [ 170 ] }, "geometry": { "type": "Point", "coordinates": [ 427893.429558618983719, 4177932.733686239924282 ] } },
{ "type": "Feature", "properties": { "LabelIds": [ 171 ] }, "geometry": { "type": "Point", "coordinates": [ 429176.082821707008407, 4178359.924934910144657 ] } },
{ "type": "Feature", "properties": { "LabelIds": [ 172 ] }, "geometry": { "type": "Point", "coordinates": [ 429344.979091108019929, 4178241.046110670082271 ] } },
{ "type": "Feature", "properties": { "LabelIds": [ 173 ] }, "geometry": { "type": "Point", "coordinates": [ 428720.252277206978761, 4178080.677127730101347 ] } },
{ "type": "Feature", "properties": { "LabelIds": [ 174 ] }, "geometry": { "type": "Point", "coordinates": [ 426741.089760282018688, 4175951.438121689949185 ] } },
{ "type": "Feature", "properties": { "LabelIds": [ 175 ] }, "geometry": { "type": "Point", "coordinates": [ 427717.88128523202613, 4176167.096894459798932 ] } },
{ "type": "Feature", "properties": { "LabelIds": [ 176 ] }, "geometry": { "type": "Point", "coordinates": [ 427902.538582568988204, 4176097.47400433011353 ] } },
{ "type": "Feature", "properties": { "LabelIds": [ 177 ] }, "geometry": { "type": "Point", "coordinates": [ 384507.468882707995363, 4175548.728937259875238 ] } },
{ "type": "Feature", "properties": { "LabelIds": [ 178 ] }, "geometry": { "type": "Point", "coordinates": [ 426136.451068060996477, 4174352.44315594015643 ] } },
{ "type": "Feature", "properties": { "LabelIds": [ 179 ] }, "geometry": { "type": "Point", "coordinates": [ 423826.62079661199823, 4172824.4378851801157 ] } },
{ "type": "Feature", "properties": { "LabelIds": [ 180 ] }, "geometry": { "type": "Point", "coordinates": [ 424829.596690527978353, 4173173.891796680167317 ] } },
{ "type": "Feature", "properties": { "LabelIds": [ 181 ] }, "geometry": { "type": "Point", "coordinates": [ 424868.908055835985579, 4172642.762751100119203 ] } },
{ "type": "Feature", "properties": { "LabelIds": [ 182 ] }, "geometry": { "type": "Point", "coordinates": [ 422621.227647271007299, 4171822.224227310158312 ] } },
{ "type": "Feature", "properties": { "LabelIds": [ 183 ] }, "geometry": { "type": "Point", "coordinates": [ 423655.192245309997816, 4171455.123811469879001 ] } },
{ "type": "Feature", "properties": { "LabelIds": [ 184 ] }, "geometry": { "type": "Point", "coordinates": [ 424124.952423102979083, 4171444.996333620045334 ] } },
{ "type": "Feature", "properties": { "LabelIds": [ 185 ] }, "geometry": { "type": "Point", "coordinates": [ 382944.401216398982797, 4171778.124426099937409 ] } },
{ "type": "Feature", "properties": { "LabelIds": [ 186 ] }, "geometry": { "type": "Point", "coordinates": [ 383793.477205997973215, 4171614.801723080221564 ] } },
{ "type": "Feature", "properties": { "LabelIds": [ 187 ] }, "geometry": { "type": "Point", "coordinates": [ 423303.479389641026501, 4171329.354330719914287 ] } },
{ "type": "Feature", "properties": { "LabelIds": [ 188 ] }, "geometry": { "type": "Point", "coordinates": [ 384107.228387674025726, 4171516.361669910140336 ] } },
{ "type": "Feature", "properties": { "LabelIds": [ 189 ] }, "geometry": { "type": "Point", "coordinates": [ 424375.527831226994749, 4171074.054372290149331 ] } },
{ "type": "Feature", "properties": { "LabelIds": [ 190 ] }, "geometry": { "type": "Point", "coordinates": [ 423625.595833941013552, 4171158.64708195021376 ] } },
{ "type": "Feature", "properties": { "LabelIds": [ 191 ] }, "geometry": { "type": "Point", "coordinates": [ 423061.743752321985085, 4170816.753386530093849 ] } },
{ "type": "Feature", "properties": { "LabelIds": [ 192 ] }, "geometry": { "type": "Point", "coordinates": [ 422514.611704004986677, 4170680.303246890194714 ] } },
{ "type": "Feature", "properties": { "LabelIds": [ 193 ] }, "geometry": { "type": "Point", "coordinates": [ 382389.729151204985101, 4171364.757544020190835 ] } },
{ "type": "Feature", "properties": { "LabelIds": [ 194 ] }, "geometry": { "type": "Point", "coordinates": [ 382765.191985287994612, 4171162.677642200142145 ] } },
{ "type": "Feature", "properties": { "LabelIds": [ 195 ] }, "geometry": { "type": "Point", "coordinates": [ 423789.832772388006561, 4170969.259967470075935 ] } },
{ "type": "Feature", "properties": { "LabelIds": [ 196 ] }, "geometry": { "type": "Point", "coordinates": [ 424780.763490761979483, 4170997.136341690085828 ] } },
{ "type": "Feature", "properties": { "LabelIds": [ 197 ] }, "geometry": { "type": "Point", "coordinates": [ 383317.159425879013725, 4170919.339650460053235 ] } },
{ "type": "Feature", "properties": { "LabelIds": [ 198 ] }, "geometry": { "type": "Point", "coordinates": [ 383318.182180483010598, 4170113.410466520115733 ] } },
{ "type": "Feature", "properties": { "LabelIds": [ 199 ] }, "geometry": { "type": "Point", "coordinates": [ 424818.038146163977217, 4170477.182125669904053 ] } },
{ "type": "Feature", "properties": { "LabelIds": [ 200 ] }, "geometry": { "type": "Point", "coordinates": [ 425031.285072894010227, 4170278.901892330031842 ] } },
{ "type": "Feature", "properties": { "LabelIds": [ 201 ] }, "geometry": { "type": "Point", "coordinates": [ 425197.988875369017478, 4170261.738085439894348 ] } },
{ "type": "Feature", "properties": { "LabelIds": [ 202 ] }, "geometry": { "type": "Point", "coordinates": [ 382373.530879189027473, 4170058.984660219866782 ] } },
{ "type": "Feature", "properties": { "LabelIds": [ 203 ] }, "geometry": { "type": "Point", "coordinates": [ 382938.287139072024729, 4169928.816666250117123 ] } },
{ "type": "Feature", "properties": { "LabelIds": [ 204 ] }, "geometry": { "type": "Point", "coordinates": [ 382548.507949351973366, 4169877.707318579778075 ] } },
{ "type": "Feature", "properties": { "LabelIds": [ 205 ] }, "geometry": { "type": "Point", "coordinates": [ 424220.906202549987938, 4169410.294141049962491 ] } },
{ "type": "Feature", "properties": { "LabelIds": [ 206 ] }, "geometry": { "type": "Point", "coordinates": [ 382095.551135139015969, 4169522.396076370030642 ] } },
{ "type": "Feature", "properties": { "LabelIds": [ 207 ] }, "geometry": { "type": "Point", "coordinates": [ 423269.026177201012615, 4169227.274665430188179 ] } },
{ "type": "Feature", "properties": { "LabelIds": [ 208 ] }, "geometry": { "type": "Point", "coordinates": [ 423992.574721426004544, 4169269.941549330018461 ] } },
{ "type": "Feature", "properties": { "LabelIds": [ 209 ] }, "geometry": { "type": "Point", "coordinates": [ 424428.032431308995001, 4169020.276341420132667 ] } },
{ "type": "Feature", "properties": { "LabelIds": [ 210 ] }, "geometry": { "type": "Point", "coordinates": [ 422510.442424674984068, 4168557.809115319978446 ] } },
{ "type": "Feature", "properties": { "LabelIds": [ 211 ] }, "geometry": { "type": "Point", "coordinates": [ 382498.925804014026653, 4168886.999416950158775 ] } },
{ "type": "Feature", "properties": { "LabelIds": [ 212 ] }, "geometry": { "type": "Point", "coordinates": [ 422525.239252138009761, 4168194.997122889850289 ] } },
{ "type": "Feature", "properties": { "LabelIds": [ 213 ] }, "geometry": { "type": "Point", "coordinates": [ 382024.635335159022361, 4168087.332543320022523 ] } },
{ "type": "Feature", "properties": { "LabelIds": [ 214 ] }, "geometry": { "type": "Point", "coordinates": [ 421525.111513291019946, 4167331.296463480219245 ] } },
{ "type": "Feature", "properties": { "LabelIds": [ 215 ] }, "geometry": { "type": "Point", "coordinates": [ 422407.454641113989055, 4167870.051102269906551 ] } },
{ "type": "Feature", "properties": { "LabelIds": [ 216 ] }, "geometry": { "type": "Point", "coordinates": [ 422073.706894984003156, 4167808.338111519813538 ] } },
{ "type": "Feature", "properties": { "LabelIds": [ 217 ] }, "geometry": { "type": "Point", "coordinates": [ 382525.24500660400372, 4166981.068354490213096 ] } },
{ "type": "Feature", "properties": { "LabelIds": [ 218 ] }, "geometry": { "type": "Point", "coordinates": [ 421388.148688317975029, 4166851.495620239991695 ] } },
{ "type": "Feature", "properties": { "LabelIds": [ 219 ] }, "geometry": { "type": "Point", "coordinates": [ 421386.37466112797847, 4166829.521106959786266 ] } },
{ "type": "Feature", "properties": { "LabelIds": [ 220 ] }, "geometry": { "type": "Point", "coordinates": [ 421406.30355548200896, 4165568.113778479862958 ] } },
{ "type": "Feature", "properties": { "LabelIds": [ 221 ] }, "geometry": { "type": "Point", "coordinates": [ 421020.235845783026889, 4165624.922456409782171 ] } },
{ "type": "Feature", "properties": { "LabelIds": [ 222 ] }, "geometry": { "type": "Point", "coordinates": [ 421862.524321252014488, 4165207.584595370106399 ] } },
{ "type": "Feature", "properties": { "LabelIds": [ 223 ] }, "geometry": { "type": "Point", "coordinates": [ 421998.006290054006968, 4165211.281495780218393 ] } },
{ "type": "Feature", "properties": { "LabelIds": [ 224 ] }, "geometry": { "type": "Point", "coordinates": [ 420130.972464988008142, 4164917.246710710227489 ] } },
{ "type": "Feature", "properties": { "LabelIds": [ 225 ] }, "geometry": { "type": "Point", "coordinates": [ 420336.176331931026652, 4164728.213765600230545 ] } },
{ "type": "Feature", "properties": { "LabelIds": [ 226 ] }, "geometry": { "type": "Point", "coordinates": [ 419454.066555727971718, 4164091.118945119902492 ] } },
{ "type": "Feature", "properties": { "LabelIds": [ 227 ] }, "geometry": { "type": "Point", "coordinates": [ 420551.625411769025959, 4164356.176347210071981 ] } },
{ "type": "Feature", "properties": { "LabelIds": [ 228 ] }, "geometry": { "type": "Point", "coordinates": [ 420581.565511631022673, 4164150.073027249891311 ] } },
{ "type": "Feature", "properties": { "LabelIds": [ 229 ] }, "geometry": { "type": "Point", "coordinates": [ 420629.316753357008565, 4163806.174478860106319 ] } },
{ "type": "Feature", "properties": { "LabelIds": [ 230 ] }, "geometry": { "type": "Point", "coordinates": [ 420538.258190029009711, 4163798.052643020171672 ] } },
{ "type": "Feature", "properties": { "LabelIds": [ 231 ] }, "geometry": { "type": "Point", "coordinates": [ 420547.121452482999302, 4163667.643453190103173 ] } },
{ "type": "Feature", "properties": { "LabelIds": [ 232 ] }, "geometry": { "type": "Point", "coordinates": [ 418943.911732145992573, 4162932.320014860015363 ] } },
{ "type": "Feature", "properties": { "LabelIds": [ 233 ] }, "geometry": { "type": "Point", "coordinates": [ 418369.84841051697731, 4161897.246748660225421 ] } },
{ "type": "Feature", "properties": { "LabelIds": [ 234 ] }, "geometry": { "type": "Point", "coordinates": [ 418043.785616688022856, 4161129.344395120162517 ] } },
{ "type": "Feature", "properties": { "LabelIds": [ 235 ] }, "geometry": { "type": "Point", "coordinates": [ 418517.983977138006594, 4161115.716482779942453 ] } },
{ "type": "Feature", "properties": { "LabelIds": [ 236 ] }, "geometry": { "type": "Point", "coordinates": [ 418086.337572550983168, 4160319.686438939999789 ] } },
{ "type": "Feature", "properties": { "LabelIds": [ 237 ] }, "geometry": { "type": "Point", "coordinates": [ 418666.62214963498991, 4160153.220888860058039 ] } },
{ "type": "Feature", "properties": { "LabelIds": [ 238 ] }, "geometry": { "type": "Point", "coordinates": [ 417247.649411011021584, 4158929.460593140218407 ] } },
{ "type": "Feature", "properties": { "LabelIds": [ 239 ] }, "geometry": { "type": "Point", "coordinates": [ 416728.329597619012929, 4156705.636285060085356 ] } },
{ "type": "Feature", "properties": { "LabelIds": [ 240 ] }, "geometry": { "type": "Point", "coordinates": [ 417557.163562186993659, 4156440.109854099806398 ] } },
{ "type": "Feature", "properties": { "LabelIds": [ 241 ] }, "geometry": { "type": "Point", "coordinates": [ 417474.18365277297562, 4155947.730984500143677 ] } },
{ "type": "Feature", "properties": { "LabelIds": [ 242 ] }, "geometry": { "type": "Point", "coordinates": [ 417167.387209106993396, 4156029.852450530044734 ] } },
{ "type": "Feature", "properties": { "LabelIds": [ 243 ] }, "geometry": { "type": "Point", "coordinates": [ 416897.587504140974488, 4155686.905759789980948 ] } },
{ "type": "Feature", "properties": { "LabelIds": [ 244 ] }, "geometry": { "type": "Point", "coordinates": [ 417333.103518358024303, 4155596.260592279955745 ] } },
{ "type": "Feature", "properties": { "LabelIds": [ 245 ] }, "geometry": { "type": "Point", "coordinates": [ 416687.240387186000589, 4154582.582562480121851 ] } },
{ "type": "Feature", "properties": { "LabelIds": [ 246 ] }, "geometry": { "type": "Point", "coordinates": [ 415970.645602910022717, 4153007.129061650019139 ] } },
{ "type": "Feature", "properties": { "LabelIds": [ 247 ] }, "geometry": { "type": "Point", "coordinates": [ 415842.412312361993827, 4152734.088875109795481 ] } },
{ "type": "Feature", "properties": { "LabelIds": [ 248 ] }, "geometry": { "type": "Point", "coordinates": [ 415525.883573912025895, 4151899.299337420146912 ] } },
{ "type": "Feature", "properties": { "LabelIds": [ 249 ] }, "geometry": { "type": "Point", "coordinates": [ 415403.819287141028326, 4151534.391624249983579 ] } },
{ "type": "Feature", "properties": { "LabelIds": [ 250 ] }, "geometry": { "type": "Point", "coordinates": [ 361800.024062193988357, 4144568.457071870099753 ] } },
{ "type": "Feature", "properties": { "LabelIds": [ 251 ] }, "geometry": { "type": "Point", "coordinates": [ 384654.77558814897202, 4150448.444626380223781 ] } },
{ "type": "Feature", "properties": { "LabelIds": [ 252 ] }, "geometry": { "type": "Point", "coordinates": [ 384386.648827089986298, 4150336.49773877998814 ] } },
{ "type": "Feature", "properties": { "LabelIds": [ 253 ] }, "geometry": { "type": "Point", "coordinates": [ 384884.747618434019387, 4150359.82199693005532 ] } },
{ "type": "Feature", "properties": { "LabelIds": [ 254 ] }, "geometry": { "type": "Point", "coordinates": [ 415000.435414557985496, 4150303.219296750146896 ] } },
{ "type": "Feature", "properties": { "LabelIds": [ 255 ] }, "geometry": { "type": "Point", "coordinates": [ 414878.851136195997242, 4148987.155006119981408 ] } },
{ "type": "Feature", "properties": { "LabelIds": [ 256 ] }, "geometry": { "type": "Point", "coordinates": [ 414799.170543300977442, 4148113.160968959797174 ] } },
{ "type": "Feature", "properties": { "LabelIds": [ 257 ] }, "geometry": { "type": "Point", "coordinates": [ 388268.576305476017296, 4148010.701865260023624 ] } },
{ "type": "Feature", "properties": { "LabelIds": [ 258 ] }, "geometry": { "type": "Point", "coordinates": [ 388363.138421081006527, 4148075.231372260022908 ] } },
{ "type": "Feature", "properties": { "LabelIds": [ 259 ] }, "geometry": { "type": "Point", "coordinates": [ 415320.0242869000067, 4147818.46122027002275 ] } },
{ "type": "Feature", "properties": { "LabelIds": [ 260 ] }, "geometry": { "type": "Point", "coordinates": [ 415660.344743495981675, 4147833.390362769830972 ] } },
{ "type": "Feature", "properties": { "LabelIds": [ 261 ] }, "geometry": { "type": "Point", "coordinates": [ 415914.667117548990063, 4147337.652997099794447 ] } },
{ "type": "Feature", "properties": { "LabelIds": [ 262 ] }, "geometry": { "type": "Point", "coordinates": [ 414518.091823698021472, 4146621.440357440151274 ] } },
{ "type": "Feature", "properties": { "LabelIds": [ 263 ] }, "geometry": { "type": "Point", "coordinates": [ 388315.55891075998079, 4146862.240906179882586 ] } },
{ "type": "Feature", "properties": { "LabelIds": [ 264 ] }, "geometry": { "type": "Point", "coordinates": [ 414091.190836406021845, 4145940.454728490207344 ] } },
{ "type": "Feature", "properties": { "LabelIds": [ 265 ] }, "geometry": { "type": "Point", "coordinates": [ 413856.22063584002899, 4145157.07364659011364 ] } },
{ "type": "Feature", "properties": { "LabelIds": [ 266 ] }, "geometry": { "type": "Point", "coordinates": [ 413558.598816458019428, 4144576.433334339875728 ] } },
{ "type": "Feature", "properties": { "LabelIds": [ 267 ] }, "geometry": { "type": "Point", "coordinates": [ 413176.696295360976364, 4143658.880736929830164 ] } },
{ "type": "Feature", "properties": { "LabelIds": [ 268 ] }, "geometry": { "type": "Point", "coordinates": [ 412826.232625886972528, 4140636.791886829771101 ] } },
{ "type": "Feature", "properties": { "LabelIds": [ 269 ] }, "geometry": { "type": "Point", "coordinates": [ 413003.470431959023699, 4141302.591673649847507 ] } },
{ "type": "Feature", "properties": { "LabelIds": [ 270 ] }, "geometry": { "type": "Point", "coordinates": [ 374594.573324344994035, 4142257.543086039833724 ] } },
{ "type": "Feature", "properties": { "LabelIds": [ 271 ] }, "geometry": { "type": "Point", "coordinates": [ 374424.088247982028406, 4142250.130077340174466 ] } },
{ "type": "Feature", "properties": { "LabelIds": [ 272 ] }, "geometry": { "type": "Point", "coordinates": [ 374465.357591352018062, 4142236.734230389818549 ] } },
{ "type": "Feature", "properties": { "LabelIds": [ 273 ] }, "geometry": { "type": "Point", "coordinates": [ 374839.398488915001508, 4142111.622535120230168 ] } },
{ "type": "Feature", "properties": { "LabelIds": [ 274 ] }, "geometry": { "type": "Point", "coordinates": [ 375418.198872275010217, 4142141.276124080177397 ] } },
{ "type": "Feature", "properties": { "LabelIds": [ 275 ] }, "geometry": { "type": "Point", "coordinates": [ 376299.051970120985061, 4141395.96491529000923 ] } },
{ "type": "Feature", "properties": { "LabelIds": [ 276 ] }, "geometry": { "type": "Point", "coordinates": [ 414133.499641127011273, 4141123.741347339935601 ] } },
{ "type": "Feature", "properties": { "LabelIds": [ 277 ] }, "geometry": { "type": "Point", "coordinates": [ 414416.169329009018838, 4140981.016268460080028 ] } },
{ "type": "Feature", "properties": { "LabelIds": [ 278 ] }, "geometry": { "type": "Point", "coordinates": [ 413863.814455565996468, 4140990.397270900197327 ] } },
{ "type": "Feature", "properties": { "LabelIds": [ 279 ] }, "geometry": { "type": "Point", "coordinates": [ 374763.456138784007635, 4140808.999638820067048 ] } },
{ "type": "Feature", "properties": { "LabelIds": [ 280 ] }, "geometry": { "type": "Point", "coordinates": [ 413299.17100226302864, 4140786.305698359850794 ] } },
{ "type": "Feature", "properties": { "LabelIds": [ 281 ] }, "geometry": { "type": "Point", "coordinates": [ 413600.749366084986832, 4140632.415421039797366 ] } },
{ "type": "Feature", "properties": { "LabelIds": [ 282 ] }, "geometry": { "type": "Point", "coordinates": [ 414228.447404804988764, 4140725.998594610020518 ] } },
{ "type": "Feature", "properties": { "LabelIds": [ 283 ] }, "geometry": { "type": "Point", "coordinates": [ 413899.616736900992692, 4140556.231373810209334 ] } },
{ "type": "Feature", "properties": { "LabelIds": [ 284 ] }, "geometry": { "type": "Point", "coordinates": [ 413354.304561656026635, 4140526.550851109903306 ] } },
{ "type": "Feature", "properties": { "LabelIds": [ 285 ] }, "geometry": { "type": "Point", "coordinates": [ 374688.423629443976097, 4140191.420619419775903 ] } },
{ "type": "Feature", "properties": { "LabelIds": [ 286 ] }, "geometry": { "type": "Point", "coordinates": [ 376307.691278201993555, 4140189.537696439772844 ] } },
{ "type": "Feature", "properties": { "LabelIds": [ 287 ] }, "geometry": { "type": "Point", "coordinates": [ 413803.143841826997232, 4140117.464565730188042 ] } },
{ "type": "Feature", "properties": { "LabelIds": [ 288 ] }, "geometry": { "type": "Point", "coordinates": [ 413720.376718861982226, 4140153.127775920089334 ] } },
{ "type": "Feature", "properties": { "LabelIds": [ 289 ] }, "geometry": { "type": "Point", "coordinates": [ 413266.14215210697148, 4139958.16916636005044 ] } },
{ "type": "Feature", "properties": { "LabelIds": [ 290 ] }, "geometry": { "type": "Point", "coordinates": [ 376447.154760802979581, 4140024.398678310215473 ] } },
{ "type": "Feature", "properties": { "LabelIds": [ 291 ] }, "geometry": { "type": "Point", "coordinates": [ 413823.035989712981973, 4139800.091814849991351 ] } },
{ "type": "Feature", "properties": { "LabelIds": [ 292 ] }, "geometry": { "type": "Point", "coordinates": [ 413982.416514363023452, 4139691.710992460139096 ] } },
{ "type": "Feature", "properties": { "LabelIds": [ 293 ] }, "geometry": { "type": "Point", "coordinates": [ 381560.979696284979582, 4139798.243779870215803 ] } },
{ "type": "Feature", "properties": { "LabelIds": [ 294 ] }, "geometry": { "type": "Point", "coordinates": [ 389094.593004670983646, 4139594.769001349806786 ] } },
{ "type": "Feature", "properties": { "LabelIds": [ 295 ] }, "geometry": { "type": "Point", "coordinates": [ 376494.642224966024514, 4139871.850909859873354 ] } },
{ "type": "Feature", "properties": { "LabelIds": [ 296 ] }, "geometry": { "type": "Point", "coordinates": [ 376797.797716932022013, 4138918.169701660051942 ] } },
{ "type": "Feature", "properties": { "LabelIds": [ 297 ] }, "geometry": { "type": "Point", "coordinates": [ 413556.414125771028921, 4139638.626020830124617 ] } },
{ "type": "Feature", "properties": { "LabelIds": [ 298 ] }, "geometry": { "type": "Point", "coordinates": [ 413682.533268838014919, 4139587.239922820124775 ] } },
{ "type": "Feature", "properties": { "LabelIds": [ 299 ] }, "geometry": { "type": "Point", "coordinates": [ 413455.123187559016515, 4138943.366308730095625 ] } },
{ "type": "Feature", "properties": { "LabelIds": [ 300 ] }, "geometry": { "type": "Point", "coordinates": [ 389263.444693989993539, 4139197.399610029999167 ] } },
{ "type": "Feature", "properties": { "LabelIds": [ 301 ] }, "geometry": { "type": "Point", "coordinates": [ 374810.584280239010695, 4138745.246781520079821 ] } },
{ "type": "Feature", "properties": { "LabelIds": [ 302 ] }, "geometry": { "type": "Point", "coordinates": [ 413254.817440829996485, 4139273.27521906979382 ] } },
{ "type": "Feature", "properties": { "LabelIds": [ 303 ] }, "geometry": { "type": "Point", "coordinates": [ 412959.165763435012195, 4139140.643360720016062 ] } },
{ "type": "Feature", "properties": { "LabelIds": [ 304 ] }, "geometry": { "type": "Point", "coordinates": [ 412703.385859922971576, 4138616.34560183994472 ] } },
{ "type": "Feature", "properties": { "LabelIds": [ 305 ] }, "geometry": { "type": "Point", "coordinates": [ 381892.110991280002054, 4138527.381179340183735 ] } },
{ "type": "Feature", "properties": { "LabelIds": [ 306 ] }, "geometry": { "type": "Point", "coordinates": [ 377410.435180338972714, 4138202.115759340114892 ] } },
{ "type": "Feature", "properties": { "LabelIds": [ 307 ] }, "geometry": { "type": "Point", "coordinates": [ 413031.341529486991931, 4138368.035782190039754 ] } },
{ "type": "Feature", "properties": { "LabelIds": [ 308 ] }, "geometry": { "type": "Point", "coordinates": [ 374965.945294963021297, 4138226.773160160053521 ] } },
{ "type": "Feature", "properties": { "LabelIds": [ 309 ] }, "geometry": { "type": "Point", "coordinates": [ 377716.37605318997521, 4138139.539558779913932 ] } },
{ "type": "Feature", "properties": { "LabelIds": [ 310 ] }, "geometry": { "type": "Point", "coordinates": [ 374791.249952456972096, 4138084.303925360087305 ] } },
{ "type": "Feature", "properties": { "LabelIds": [ 311 ] }, "geometry": { "type": "Point", "coordinates": [ 378062.608539272972848, 4137975.37783139012754 ] } },
{ "type": "Feature", "properties": { "LabelIds": [ 312 ] }, "geometry": { "type": "Point", "coordinates": [ 372593.404563930991571, 4137960.132960579823703 ] } },
{ "type": "Feature", "properties": { "LabelIds": [ 313 ] }, "geometry": { "type": "Point", "coordinates": [ 378254.419788517989218, 4137903.318770819809288 ] } },
{ "type": "Feature", "properties": { "LabelIds": [ 314 ] }, "geometry": { "type": "Point", "coordinates": [ 378398.505668691999745, 4137856.14531808020547 ] } },
{ "type": "Feature", "properties": { "LabelIds": [ 315 ] }, "geometry": { "type": "Point", "coordinates": [ 381803.513803691021167, 4137914.857866640202701 ] } },
{ "type": "Feature", "properties": { "LabelIds": [ 316 ] }, "geometry": { "type": "Point", "coordinates": [ 378667.704583352024201, 4137737.969550780020654 ] } },
{ "type": "Feature", "properties": { "LabelIds": [ 317 ] }, "geometry": { "type": "Point", "coordinates": [ 374927.178897590027191, 4137802.057910989969969 ] } },
{ "type": "Feature", "properties": { "LabelIds": [ 318 ] }, "geometry": { "type": "Point", "coordinates": [ 370074.012921713991091, 4137624.504781330004334 ] } },
{ "type": "Feature", "properties": { "LabelIds": [ 319 ] }, "geometry": { "type": "Point", "coordinates": [ 373856.743838283990044, 4137567.53510029008612 ] } },
{ "type": "Feature", "properties": { "LabelIds": [ 320 ] }, "geometry": { "type": "Point", "coordinates": [ 371300.795324051985517, 4137672.467709470074624 ] } },
{ "type": "Feature", "properties": { "LabelIds": [ 321 ] }, "geometry": { "type": "Point", "coordinates": [ 378825.249702926026657, 4137552.794413010124117 ] } },
{ "type": "Feature", "properties": { "LabelIds": [ 322 ] }, "geometry": { "type": "Point", "coordinates": [ 375186.648006809002254, 4137536.669444319792092 ] } },
{ "type": "Feature", "properties": { "LabelIds": [ 323 ] }, "geometry": { "type": "Point", "coordinates": [ 380932.662276836985257, 4137538.171473240014166 ] } },
{ "type": "Feature", "properties": { "LabelIds": [ 324 ] }, "geometry": { "type": "Point", "coordinates": [ 370098.496610786998644, 4137292.301547020208091 ] } },
{ "type": "Feature", "properties": { "LabelIds": [ 325 ] }, "geometry": { "type": "Point", "coordinates": [ 375327.957509813015349, 4137452.831500609871 ] } },
{ "type": "Feature", "properties": { "LabelIds": [ 326 ] }, "geometry": { "type": "Point", "coordinates": [ 412515.462003407999873, 4137212.926240439992398 ] } },
{ "type": "Feature", "properties": { "LabelIds": [ 327 ] }, "geometry": { "type": "Point", "coordinates": [ 378802.266338508983608, 4137404.703697230201215 ] } },
{ "type": "Feature", "properties": { "LabelIds": [ 328 ] }, "geometry": { "type": "Point", "coordinates": [ 374008.417358511011116, 4137348.391567899845541 ] } },
{ "type": "Feature", "properties": { "LabelIds": [ 329 ] }, "geometry": { "type": "Point", "coordinates": [ 375204.56046847201651, 4137374.183713700156659 ] } },
{ "type": "Feature", "properties": { "LabelIds": [ 330 ] }, "geometry": { "type": "Point", "coordinates": [ 374985.950403772003483, 4136793.784104499965906 ] } },
{ "type": "Feature", "properties": { "LabelIds": [ 331 ] }, "geometry": { "type": "Point", "coordinates": [ 378872.60672808601521, 4137206.818312630057335 ] } },
{ "type": "Feature", "properties": { "LabelIds": [ 332 ] }, "geometry": { "type": "Point", "coordinates": [ 379113.921447120024823, 4137104.438881389796734 ] } },
{ "type": "Feature", "properties": { "LabelIds": [ 333 ] }, "geometry": { "type": "Point", "coordinates": [ 379727.997402751003392, 4136703.063349899835885 ] } },
{ "type": "Feature", "properties": { "LabelIds": [ 334 ] }, "geometry": { "type": "Point", "coordinates": [ 412412.848274805990513, 4137094.240447510033846 ] } },
{ "type": "Feature", "properties": { "LabelIds": [ 335 ] }, "geometry": { "type": "Point", "coordinates": [ 381647.235509096004535, 4137120.935461049899459 ] } },
{ "type": "Feature", "properties": { "LabelIds": [ 336 ] }, "geometry": { "type": "Point", "coordinates": [ 380469.390247659001034, 4136771.282494619954377 ] } },
{ "type": "Feature", "properties": { "LabelIds": [ 337 ] }, "geometry": { "type": "Point", "coordinates": [ 379405.498731810017489, 4136893.027503800112754 ] } },
{ "type": "Feature", "properties": { "LabelIds": [ 338 ] }, "geometry": { "type": "Point", "coordinates": [ 389151.336022361007053, 4136785.550830340012908 ] } },
{ "type": "Feature", "properties": { "LabelIds": [ 339 ] }, "geometry": { "type": "Point", "coordinates": [ 412253.119738580018748, 4136075.163566399831325 ] } },
{ "type": "Feature", "properties": { "LabelIds": [ 340 ] }, "geometry": { "type": "Point", "coordinates": [ 412533.694943608017638, 4136797.83197061996907 ] } },
{ "type": "Feature", "properties": { "LabelIds": [ 341 ] }, "geometry": { "type": "Point", "coordinates": [ 381661.921880742011126, 4136752.524762299843132 ] } },
{ "type": "Feature", "properties": { "LabelIds": [ 342 ] }, "geometry": { "type": "Point", "coordinates": [ 411937.474938724015374, 4136005.293124369811267 ] } },
{ "type": "Feature", "properties": { "LabelIds": [ 343 ] }, "geometry": { "type": "Point", "coordinates": [ 370576.666437438980211, 4136296.720797200221568 ] } },
{ "type": "Feature", "properties": { "LabelIds": [ 344 ] }, "geometry": { "type": "Point", "coordinates": [ 372259.969262400991283, 4136332.829604079946876 ] } },
{ "type": "Feature", "properties": { "LabelIds": [ 345 ] }, "geometry": { "type": "Point", "coordinates": [ 382240.422256471007131, 4134891.40604098001495 ] } },
{ "type": "Feature", "properties": { "LabelIds": [ 346 ] }, "geometry": { "type": "Point", "coordinates": [ 388805.908506867999677, 4136490.544190229848027 ] } },
{ "type": "Feature", "properties": { "LabelIds": [ 347 ] }, "geometry": { "type": "Point", "coordinates": [ 388714.601758958015125, 4136494.837891680188477 ] } },
{ "type": "Feature", "properties": { "LabelIds": [ 348 ] }, "geometry": { "type": "Point", "coordinates": [ 388585.463185678992886, 4135357.089293870143592 ] } },
{ "type": "Feature", "properties": { "LabelIds": [ 349 ] }, "geometry": { "type": "Point", "coordinates": [ 388958.033354221028276, 4135757.63634978979826 ] } },
{ "type": "Feature", "properties": { "LabelIds": [ 350 ] }, "geometry": { "type": "Point", "coordinates": [ 372617.7625585370115, 4135773.843853930011392 ] } },
{ "type": "Feature", "properties": { "LabelIds": [ 351 ] }, "geometry": { "type": "Point", "coordinates": [ 388324.159614750009496, 4135468.600614729803056 ] } },
{ "type": "Feature", "properties": { "LabelIds": [ 352 ] }, "geometry": { "type": "Point", "coordinates": [ 388539.787080776994117, 4135558.170917539857328 ] } },
{ "type": "Feature", "properties": { "LabelIds": [ 353 ] }, "geometry": { "type": "Point", "coordinates": [ 372918.177351391001139, 4135300.93112814007327 ] } },
{ "type": "Feature", "properties": { "LabelIds": [ 354 ] }, "geometry": { "type": "Point", "coordinates": [ 388214.441424055024981, 4134895.818166930228472 ] } },
{ "type": "Feature", "properties": { "LabelIds": [ 355 ] }, "geometry": { "type": "Point", "coordinates": [ 373291.772247845015954, 4135018.614401930011809 ] } },
{ "type": "Feature", "properties": { "LabelIds": [ 356 ] }, "geometry": { "type": "Point", "coordinates": [ 388068.827853776980191, 4134929.695700579788536 ] } },
{ "type": "Feature", "properties": { "LabelIds": [ 357 ] }, "geometry": { "type": "Point", "coordinates": [ 388637.810913737979718, 4134856.558738839812577 ] } },
{ "type": "Feature", "properties": { "LabelIds": [ 358 ] }, "geometry": { "type": "Point", "coordinates": [ 373791.100914564973209, 4134648.253404940012842 ] } },
{ "type": "Feature", "properties": { "LabelIds": [ 359 ] }, "geometry": { "type": "Point", "coordinates": [ 387405.331540225015488, 4134857.546333719976246 ] } },
{ "type": "Feature", "properties": { "LabelIds": [ 360 ] }, "geometry": { "type": "Point", "coordinates": [ 387369.678470093989745, 4134326.788217490073293 ] } },
{ "type": "Feature", "properties": { "LabelIds": [ 361 ] }, "geometry": { "type": "Point", "coordinates": [ 388080.232532683003228, 4134226.584223410114646 ] } },
{ "type": "Feature", "properties": { "LabelIds": [ 362 ] }, "geometry": { "type": "Point", "coordinates": [ 387247.51794874900952, 4133851.934456420131028 ] } },
{ "type": "Feature", "properties": { "LabelIds": [ 363 ] }, "geometry": { "type": "Point", "coordinates": [ 374970.285940671979915, 4134128.37826 ] } },
{ "type": "Feature", "properties": { "LabelIds": [ 364 ] }, "geometry": { "type": "Point", "coordinates": [ 387583.967214113974478, 4133661.228229810018092 ] } },
{ "type": "Feature", "properties": { "LabelIds": [ 365 ] }, "geometry": { "type": "Point", "coordinates": [ 374764.704125147021841, 4133964.771365399938077 ] } },
{ "type": "Feature", "properties": { "LabelIds": [ 366 ] }, "geometry": { "type": "Point", "coordinates": [ 375485.454389001009986, 4133062.994244039990008 ] } },
{ "type": "Feature", "properties": { "LabelIds": [ 367 ] }, "geometry": { "type": "Point", "coordinates": [ 374856.031710119976196, 4133863.154751619789749 ] } },
{ "type": "Feature", "properties": { "LabelIds": [ 368 ] }, "geometry": { "type": "Point", "coordinates": [ 374572.245848494989332, 4133789.25348159018904 ] } },
{ "type": "Feature", "properties": { "LabelIds": [ 369 ] }, "geometry": { "type": "Point", "coordinates": [ 383591.409890445007477, 4133148.462334540206939 ] } },
{ "type": "Feature", "properties": { "LabelIds": [ 370 ] }, "geometry": { "type": "Point", "coordinates": [ 375728.56810262001818, 4132961.590122660156339 ] } },
{ "type": "Feature", "properties": { "LabelIds": [ 371 ] }, "geometry": { "type": "Point", "coordinates": [ 387477.345507133984938, 4132772.505004520062357 ] } },
{ "type": "Feature", "properties": { "LabelIds": [ 372 ] }, "geometry": { "type": "Point", "coordinates": [ 387688.645657431974541, 4132985.21133812982589 ] } },
{ "type": "Feature", "properties": { "LabelIds": [ 373 ] }, "geometry": { "type": "Point", "coordinates": [ 387298.143708996998612, 4132847.101464880164713 ] } },
{ "type": "Feature", "properties": { "LabelIds": [ 374 ] }, "geometry": { "type": "Point", "coordinates": [ 387600.867700265021995, 4132076.926314909942448 ] } },
{ "type": "Feature", "properties": { "LabelIds": [ 375 ] }, "geometry": { "type": "Point", "coordinates": [ 383808.559523798001464, 4132483.611723689828068 ] } },
{ "type": "Feature", "properties": { "LabelIds": [ 376 ] }, "geometry": { "type": "Point", "coordinates": [ 384319.751200789003633, 4131908.940097889862955 ] } },
{ "type": "Feature", "properties": { "LabelIds": [ 377 ] }, "geometry": { "type": "Point", "coordinates": [ 387339.010208958992735, 4132111.325983589980751 ] } },
{ "type": "Feature", "properties": { "LabelIds": [ 378 ] }, "geometry": { "type": "Point", "coordinates": [ 374718.513221192988567, 4132087.11032231990248 ] } },
{ "type": "Feature", "properties": { "LabelIds": [ 379 ] }, "geometry": { "type": "Point", "coordinates": [ 374871.508894102007616, 4131668.065441839862615 ] } },
{ "type": "Feature", "properties": { "LabelIds": [ 380 ] }, "geometry": { "type": "Point", "coordinates": [ 385013.442575077991933, 4131804.688107340130955 ] } },
{ "type": "Feature", "properties": { "LabelIds": [ 381 ] }, "geometry": { "type": "Point", "coordinates": [ 384786.944940731977113, 4131933.837821139954031 ] } },
{ "type": "Feature", "properties": { "LabelIds": [ 382 ] }, "geometry": { "type": "Point", "coordinates": [ 387354.518700934015214, 4131716.462360490113497 ] } },
{ "type": "Feature", "properties": { "LabelIds": [ 383 ] }, "geometry": { "type": "Point", "coordinates": [ 373378.803398561023641, 4131635.446646859869361 ] } },
{ "type": "Feature", "properties": { "LabelIds": [ 384 ] }, "geometry": { "type": "Point", "coordinates": [ 385333.924815748992842, 4131416.8653 ] } },
{ "type": "Feature", "properties": { "LabelIds": [ 385 ] }, "geometry": { "type": "Point", "coordinates": [ 373035.088789509027265, 4131609.550626299809664 ] } },
{ "type": "Feature", "properties": { "LabelIds": [ 386 ] }, "geometry": { "type": "Point", "coordinates": [ 372522.098961010982748, 4131554.710036890115589 ] } },
{ "type": "Feature", "properties": { "LabelIds": [ 387 ] }, "geometry": { "type": "Point", "coordinates": [ 387315.003668273973744, 4131556.031543630175292 ] } },
{ "type": "Feature", "properties": { "LabelIds": [ 388 ] }, "geometry": { "type": "Point", "coordinates": [ 386091.012314337014686, 4130909.557292089797556 ] } },
{ "type": "Feature", "properties": { "LabelIds": [ 389 ] }, "geometry": { "type": "Point", "coordinates": [ 373947.903884480008855, 4131464.568782969843596 ] } },
{ "type": "Feature", "properties": { "LabelIds": [ 390 ] }, "geometry": { "type": "Point", "coordinates": [ 371800.37120664602844, 4131277.378357150126249 ] } },
{ "type": "Feature", "properties": { "LabelIds": [ 391 ] }, "geometry": { "type": "Point", "coordinates": [ 374363.170614244998433, 4131427.612556850071996 ] } },
{ "type": "Feature", "properties": { "LabelIds": [ 392 ] }, "geometry": { "type": "Point", "coordinates": [ 374108.041521029022988, 4131402.360809620004147 ] } },
{ "type": "Feature", "properties": { "LabelIds": [ 393 ] }, "geometry": { "type": "Point", "coordinates": [ 387391.770387928001583, 4131288.782228259835392 ] } },
{ "type": "Feature", "properties": { "LabelIds": [ 394 ] }, "geometry": { "type": "Point", "coordinates": [ 386495.865904636972118, 4130240.852965360041708 ] } },
{ "type": "Feature", "properties": { "LabelIds": [ 395 ] }, "geometry": { "type": "Point", "coordinates": [ 386031.279090382973664, 4131258.285854579880834 ] } },
{ "type": "Feature", "properties": { "LabelIds": [ 396 ] }, "geometry": { "type": "Point", "coordinates": [ 409433.646916311001405, 4129684.238620010204613 ] } },
{ "type": "Feature", "properties": { "LabelIds": [ 397 ] }, "geometry": { "type": "Point", "coordinates": [ 387472.148780684976373, 4131082.720775669906288 ] } },
{ "type": "Feature", "properties": { "LabelIds": [ 398 ] }, "geometry": { "type": "Point", "coordinates": [ 387286.21228, 4130805.740810109768063 ] } },
{ "type": "Feature", "properties": { "LabelIds": [ 399 ] }, "geometry": { "type": "Point", "coordinates": [ 372050.985327683971263, 4131027.226981500163674 ] } },
{ "type": "Feature", "properties": { "LabelIds": [ 400 ] }, "geometry": { "type": "Point", "coordinates": [ 372386.141224878025241, 4130822.24913679016754 ] } },
{ "type": "Feature", "properties": { "LabelIds": [ 401 ] }, "geometry": { "type": "Point", "coordinates": [ 372535.506233509979211, 4130857.139880190137774 ] } },
{ "type": "Feature", "properties": { "LabelIds": [ 402 ] }, "geometry": { "type": "Point", "coordinates": [ 376404.680270905024372, 4130258.244403770193458 ] } },
{ "type": "Feature", "properties": { "LabelIds": [ 403 ] }, "geometry": { "type": "Point", "coordinates": [ 387238.908547871978953, 4130235.384803279768676 ] } },
{ "type": "Feature", "properties": { "LabelIds": [ 404 ] }, "geometry": { "type": "Point", "coordinates": [ 373597.390008324990049, 4130313.706320209894329 ] } },
{ "type": "Feature", "properties": { "LabelIds": [ 405 ] }, "geometry": { "type": "Point", "coordinates": [ 374105.666989521007054, 4130248.246522250119597 ] } },
{ "type": "Feature", "properties": { "LabelIds": [ 406 ] }, "geometry": { "type": "Point", "coordinates": [ 387020.191968465980608, 4130073.871984779834747 ] } },
{ "type": "Feature", "properties": { "LabelIds": [ 407 ] }, "geometry": { "type": "Point", "coordinates": [ 372075.671411269984674, 4130222.922724170144647 ] } },
{ "type": "Feature", "properties": { "LabelIds": [ 408 ] }, "geometry": { "type": "Point", "coordinates": [ 386920.651868688000832, 4130065.423296079970896 ] } },
{ "type": "Feature", "properties": { "LabelIds": [ 409 ] }, "geometry": { "type": "Point", "coordinates": [ 374209.540613399003632, 4130066.919198549818248 ] } },
{ "type": "Feature", "properties": { "LabelIds": [ 410 ] }, "geometry": { "type": "Point", "coordinates": [ 374717.502615874982439, 4129992.516599019989371 ] } },
{ "type": "Feature", "properties": { "LabelIds": [ 411 ] }, "geometry": { "type": "Point", "coordinates": [ 386512.328650710987858, 4129754.123360789846629 ] } },
{ "type": "Feature", "properties": { "LabelIds": [ 412 ] }, "geometry": { "type": "Point", "coordinates": [ 386767.585974631016143, 4129420.47014 ] } },
{ "type": "Feature", "properties": { "LabelIds": [ 413 ] }, "geometry": { "type": "Point", "coordinates": [ 386850.371192710998002, 4129235.155493500176817 ] } },
{ "type": "Feature", "properties": { "LabelIds": [ 414 ] }, "geometry": { "type": "Point", "coordinates": [ 377308.846019243006594, 4128779.978291499894112 ] } },
{ "type": "Feature", "properties": { "LabelIds": [ 415 ] }, "geometry": { "type": "Point", "coordinates": [ 409574.987236545013729, 4128685.277738839853555 ] } },
{ "type": "Feature", "properties": { "LabelIds": [ 416 ] }, "geometry": { "type": "Point", "coordinates": [ 409150.152570093981922, 4127703.533808439970016 ] } },
{ "type": "Feature", "properties": { "LabelIds": [ 417 ] }, "geometry": { "type": "Point", "coordinates": [ 409966.28436963801505, 4127556.290203609969467 ] } },
{ "type": "Feature", "properties": { "LabelIds": [ 418 ] }, "geometry": { "type": "Point", "coordinates": [ 377835.941671688982751, 4128165.098436649888754 ] } },
{ "type": "Feature", "properties": { "LabelIds": [ 419 ] }, "geometry": { "type": "Point", "coordinates": [ 377873.681051767023746, 4127483.916131290141493 ] } },
{ "type": "Feature", "properties": { "LabelIds": [ 420 ] }, "geometry": { "type": "Point", "coordinates": [ 378154.2603270719992, 4127007.400774669833481 ] } },
{ "type": "Feature", "properties": { "LabelIds": [ 421 ] }, "geometry": { "type": "Point", "coordinates": [ 379404.670717523025814, 4126813.688301580026746 ] } },
{ "type": "Feature", "properties": { "LabelIds": [ 422 ] }, "geometry": { "type": "Point", "coordinates": [ 378469.241060186992399, 4126470.844521350227296 ] } },
{ "type": "Feature", "properties": { "LabelIds": [ 423 ] }, "geometry": { "type": "Point", "coordinates": [ 379846.549504294001963, 4125851.062304850202054 ] } },
{ "type": "Feature", "properties": { "LabelIds": [ 424 ] }, "geometry": { "type": "Point", "coordinates": [ 380131.312920398020651, 4126302.510757340118289 ] } },
{ "type": "Feature", "properties": { "LabelIds": [ 425 ] }, "geometry": { "type": "Point", "coordinates": [ 410067.537325861980207, 4126377.112911279778928 ] } },
{ "type": "Feature", "properties": { "LabelIds": [ 426 ] }, "geometry": { "type": "Point", "coordinates": [ 377960.181598900002427, 4126374.917112810071558 ] } },
{ "type": "Feature", "properties": { "LabelIds": [ 427 ] }, "geometry": { "type": "Point", "coordinates": [ 381220.871283413027413, 4125930.804419329855591 ] } },
{ "type": "Feature", "properties": { "LabelIds": [ 428 ] }, "geometry": { "type": "Point", "coordinates": [ 378930.899616277019959, 4126226.626497719902545 ] } },
{ "type": "Feature", "properties": { "LabelIds": [ 429 ] }, "geometry": { "type": "Point", "coordinates": [ 378405.973281767976005, 4126224.755714510101825 ] } },
{ "type": "Feature", "properties": { "LabelIds": [ 430 ] }, "geometry": { "type": "Point", "coordinates": [ 379037.600129011028912, 4125983.528510049916804 ] } },
{ "type": "Feature", "properties": { "LabelIds": [ 431 ] }, "geometry": { "type": "Point", "coordinates": [ 379350.643005496996921, 4125724.320637859869748 ] } },
{ "type": "Feature", "properties": { "LabelIds": [ 432 ] }, "geometry": { "type": "Point", "coordinates": [ 409388.757677801011596, 4125566.952199860010296 ] } },
{ "type": "Feature", "properties": { "LabelIds": [ 433 ] }, "geometry": { "type": "Point", "coordinates": [ 378805.673208224005066, 4125757.760444280225784 ] } },
{ "type": "Feature", "properties": { "LabelIds": [ 434 ] }, "geometry": { "type": "Point", "coordinates": [ 379221.299937712028623, 4125559.298910799901932 ] } },
{ "type": "Feature", "properties": { "LabelIds": [ 435 ] }, "geometry": { "type": "Point", "coordinates": [ 377597.979467805009335, 4125662.647919210139662 ] } },
{ "type": "Feature", "properties": { "LabelIds": [ 436 ] }, "geometry": { "type": "Point", "coordinates": [ 377766.047759808017872, 4125313.169009060133249 ] } },
{ "type": "Feature", "properties": { "LabelIds": [ 437 ] }, "geometry": { "type": "Point", "coordinates": [ 377572.827920625975821, 4125438.446594019886106 ] } },
{ "type": "Feature", "properties": { "LabelIds": [ 438 ] }, "geometry": { "type": "Point", "coordinates": [ 380729.677167117013596, 4125209.749549489933997 ] } },
{ "type": "Feature", "properties": { "LabelIds": [ 439 ] }, "geometry": { "type": "Point", "coordinates": [ 376030.715078687004279, 4124990.621370459906757 ] } },
{ "type": "Feature", "properties": { "LabelIds": [ 440 ] }, "geometry": { "type": "Point", "coordinates": [ 376394.065068338008132, 4124932.429528819862753 ] } },
{ "type": "Feature", "properties": { "LabelIds": [ 441 ] }, "geometry": { "type": "Point", "coordinates": [ 375444.34771203197306, 4125092.380141810048372 ] } },
{ "type": "Feature", "properties": { "LabelIds": [ 442 ] }, "geometry": { "type": "Point", "coordinates": [ 374190.053480517002754, 4125049.359505950007588 ] } },
{ "type": "Feature", "properties": { "LabelIds": [ 443 ] }, "geometry": { "type": "Point", "coordinates": [ 374661.136561953986529, 4125057.797274460084736 ] } },
{ "type": "Feature", "properties": { "LabelIds": [ 444 ] }, "geometry": { "type": "Point", "coordinates": [ 376919.265096150978934, 4124890.55583654018119 ] } },
{ "type": "Feature", "properties": { "LabelIds": [ 445 ] }, "geometry": { "type": "Point", "coordinates": [ 409065.763467536016833, 4124939.470103070139885 ] } },
{ "type": "Feature", "properties": { "LabelIds": [ 446 ] }, "geometry": { "type": "Point", "coordinates": [ 373748.511616213014349, 4124826.179267909843475 ] } },
{ "type": "Feature", "properties": { "LabelIds": [ 447 ] }, "geometry": { "type": "Point", "coordinates": [ 373593.947078832017723, 4124482.370330519974232 ] } },
{ "type": "Feature", "properties": { "LabelIds": [ 448 ] }, "geometry": { "type": "Point", "coordinates": [ 374019.740065613004845, 4124340.272529169917107 ] } },
{ "type": "Feature", "properties": { "LabelIds": [ 449 ] }, "geometry": { "type": "Point", "coordinates": [ 373745.918736484018154, 4124477.294743769802153 ] } },
{ "type": "Feature", "properties": { "LabelIds": [ 450 ] }, "geometry": { "type": "Point", "coordinates": [ 409044.79672591999406, 4124162.815033719874918 ] } },
{ "type": "Feature", "properties": { "LabelIds": [ 451 ] }, "geometry": { "type": "Point", "coordinates": [ 372753.892954682989512, 4124117.081514350138605 ] } },
{ "type": "Feature", "properties": { "LabelIds": [ 452 ] }, "geometry": { "type": "Point", "coordinates": [ 373226.633174755028449, 4123979.174895 ] } },
{ "type": "Feature", "properties": { "LabelIds": [ 453 ] }, "geometry": { "type": "Point", "coordinates": [ 371476.917821837007068, 4123941.229339530225843 ] } },
{ "type": "Feature", "properties": { "LabelIds": [ 454 ] }, "geometry": { "type": "Point", "coordinates": [ 368238.924756404012442, 4123942.750430449843407 ] } },
{ "type": "Feature", "properties": { "LabelIds": [ 455 ] }, "geometry": { "type": "Point", "coordinates": [ 368741.781710245995782, 4123864.399967410136014 ] } },
{ "type": "Feature", "properties": { "LabelIds": [ 456 ] }, "geometry": { "type": "Point", "coordinates": [ 369438.167597808002029, 4123725.946164490189403 ] } },
{ "type": "Feature", "properties": { "LabelIds": [ 457 ] }, "geometry": { "type": "Point", "coordinates": [ 370376.545121993985958, 4123592.531566699966788 ] } },
{ "type": "Feature", "properties": { "LabelIds": [ 458 ] }, "geometry": { "type": "Point", "coordinates": [ 377059.579870273999404, 4121223.694991940166801 ] } },
{ "type": "Feature", "properties": { "LabelIds": [ 459 ] }, "geometry": { "type": "Point", "coordinates": [ 376737.324763780983631, 4121079.639999249950051 ] } },
{ "type": "Feature", "properties": { "LabelIds": [ 460 ] }, "geometry": { "type": "Point", "coordinates": [ 374803.935047471022699, 4120613.259622950106859 ] } },
{ "type": "Feature", "properties": { "LabelIds": [ 461 ] }, "geometry": { "type": "Point", "coordinates": [ 376503.148275098996237, 4120022.955706079956144 ] } },
{ "type": "Feature", "properties": { "LabelIds": [ 462 ] }, "geometry": { "type": "Point", "coordinates": [ 376879.112481820979156, 4120010.553477730136365 ] } },
{ "type": "Feature", "properties": { "LabelIds": [ 463 ] }, "geometry": { "type": "Point", "coordinates": [ 376251.679841846984345, 4119532.9883016301319 ] } },
{ "type": "Feature", "properties": { "LabelIds": [ 464 ] }, "geometry": { "type": "Point", "coordinates": [ 376062.705533822008874, 4119419.964616689831018 ] } },
{ "type": "Feature", "properties": { "LabelIds": [ 465 ] }, "geometry": { "type": "Point", "coordinates": [ 375423.619353294023313, 4118847.954411630053073 ] } },
{ "type": "Feature", "properties": { "LabelIds": [ 466 ] }, "geometry": { "type": "Point", "coordinates": [ 375639.392546436982229, 4118646.46517839981243 ] } },
{ "type": "Feature", "properties": { "LabelIds": [ 467 ] }, "geometry": { "type": "Point", "coordinates": [ 376284.179651123005897, 4118158.583949329797179 ] } },
{ "type": "Feature", "properties": { "LabelIds": [ 468 ] }, "geometry": { "type": "Point", "coordinates": [ 376585.267883893975522, 4116904.272015729919076 ] } },
{ "type": "Feature", "properties": { "LabelIds": [ 469 ] }, "geometry": { "type": "Point", "coordinates": [ 376461.096930478990544, 4116403.448179049883038 ] } },
{ "type": "Feature", "properties": { "LabelIds": [ 470 ] }, "geometry": { "type": "Point", "coordinates": [ 381546.835512525984086, 4116070.453183270059526 ] } },
{ "type": "Feature", "properties": { "LabelIds": [ 471 ] }, "geometry": { "type": "Point", "coordinates": [ 376517.904777164978441, 4115591.058738340158015 ] } },
{ "type": "Feature", "properties": { "LabelIds": [ 472 ] }, "geometry": { "type": "Point", "coordinates": [ 375129.003453594981693, 4114942.42058737995103 ] } },
{ "type": "Feature", "properties": { "LabelIds": [ 473 ] }, "geometry": { "type": "Point", "coordinates": [ 380298.965406237985007, 4114716.095026299823076 ] } },
{ "type": "Feature", "properties": { "LabelIds": [ 474 ] }, "geometry": { "type": "Point", "coordinates": [ 375000.384663978999015, 4114712.275351569987833 ] } },
{ "type": "Feature", "properties": { "LabelIds": [ 475 ] }, "geometry": { "type": "Point", "coordinates": [ 379280.619036989985034, 4114715.412447600159794 ] } },
{ "type": "Feature", "properties": { "LabelIds": [ 476 ] }, "geometry": { "type": "Point", "coordinates": [ 381822.306462378997821, 4113620.289950970094651 ] } },
{ "type": "Feature", "properties": { "LabelIds": [ 477 ] }, "geometry": { "type": "Point", "coordinates": [ 378641.267326590023004, 4114194.494368960149586 ] } },
{ "type": "Feature", "properties": { "LabelIds": [ 478 ] }, "geometry": { "type": "Point", "coordinates": [ 383603.877975435985718, 4113238.150150519795716 ] } },
{ "type": "Feature", "properties": { "LabelIds": [ 479 ] }, "geometry": { "type": "Point", "coordinates": [ 375824.851272500993218, 4113981.918857470154762 ] } },
{ "type": "Feature", "properties": { "LabelIds": [ 480 ] }, "geometry": { "type": "Point", "coordinates": [ 382560.287259666016325, 4111855.96329148998484 ] } },
{ "type": "Feature", "properties": { "LabelIds": [ 481 ] }, "geometry": { "type": "Point", "coordinates": [ 376035.582036288978998, 4113676.27748232986778 ] } },
{ "type": "Feature", "properties": { "LabelIds": [ 482 ] }, "geometry": { "type": "Point", "coordinates": [ 376807.761506946000736, 4113327.351877099834383 ] } },
{ "type": "Feature", "properties": { "LabelIds": [ 483 ] }, "geometry": { "type": "Point", "coordinates": [ 376102.834783256985247, 4113474.621996750123799 ] } },
{ "type": "Feature", "properties": { "LabelIds": [ 484 ] }, "geometry": { "type": "Point", "coordinates": [ 377990.455844243988395, 4113337.476083260029554 ] } },
{ "type": "Feature", "properties": { "LabelIds": [ 485 ] }, "geometry": { "type": "Point", "coordinates": [ 377794.193099521973636, 4112940.442542020231485 ] } },
{ "type": "Feature", "properties": { "LabelIds": [ 486 ] }, "geometry": { "type": "Point", "coordinates": [ 384173.062740303983446, 4111624.458161630202085 ] } },
{ "type": "Feature", "properties": { "LabelIds": [ 487 ] }, "geometry": { "type": "Point", "coordinates": [ 385282.010860044974834, 4109401.652667469810694 ] } },
{ "type": "Feature", "properties": { "LabelIds": [ 488 ] }, "geometry": { "type": "Point", "coordinates": [ 384684.342612968001049, 4108537.235786240082234 ] } },
{ "type": "Feature", "properties": { "LabelIds": [ 489 ] }, "geometry": { "type": "Point", "coordinates": [ 382889.338135947007686, 4108265.742183110211045 ] } },
{ "type": "Feature", "properties": { "LabelIds": [ 490 ] }, "geometry": { "type": "Point", "coordinates": [ 382778.61971049499698, 4108243.779825950041413 ] } },
{ "type": "Feature", "properties": { "LabelIds": [ 491 ] }, "geometry": { "type": "Point", "coordinates": [ 382231.139906193013303, 4107656.27477126987651 ] } },
{ "type": "Feature", "properties": { "LabelIds": [ 492 ] }, "geometry": { "type": "Point", "coordinates": [ 382825.418579877994489, 4107620.913391869980842 ] } },
{ "type": "Feature", "properties": { "LabelIds": [ 493 ] }, "geometry": { "type": "Point", "coordinates": [ 381478.117224828980397, 4107432.422464380040765 ] } },
{ "type": "Feature", "properties": { "LabelIds": [ 494 ] }, "geometry": { "type": "Point", "coordinates": [ 384570.634288611996453, 4107220.164465100038797 ] } },
{ "type": "Feature", "properties": { "LabelIds": [ 495 ] }, "geometry": { "type": "Point", "coordinates": [ 385348.822005502006505, 4107316.256319540087134 ] } },
{ "type": "Feature", "properties": { "LabelIds": [ 496 ] }, "geometry": { "type": "Point", "coordinates": [ 380903.985890606010798, 4107009.929935439955443 ] } },
{ "type": "Feature", "properties": { "LabelIds": [ 497 ] }, "geometry": { "type": "Point", "coordinates": [ 385008.529982853971887, 4107034.431801060214639 ] } },
{ "type": "Feature", "properties": { "LabelIds": [ 498 ] }, "geometry": { "type": "Point", "coordinates": [ 385150.499809139000718, 4106798.554377720225602 ] } },
{ "type": "Feature", "properties": { "LabelIds": [ 499 ] }, "geometry": { "type": "Point", "coordinates": [ 384651.715562144992873, 4106846.62131708022207 ] } },
{ "type": "Feature", "properties": { "LabelIds": [ 500 ] }, "geometry": { "type": "Point", "coordinates": [ 384471.438680191000458, 4106739.023890399839729 ] } },
{ "type": "Feature", "properties": { "LabelIds": [ 501 ] }, "geometry": { "type": "Point", "coordinates": [ 384672.233505299023818, 4106531.378780580125749 ] } },
{ "type": "Feature", "properties": { "LabelIds": [ 502 ] }, "geometry": { "type": "Point", "coordinates": [ 384217.774579192977399, 4106657.982102320063859 ] } },
{ "type": "Feature", "properties": { "LabelIds": [ 503 ] }, "geometry": { "type": "Point", "coordinates": [ 383122.081456667976454, 4106375.723578189965338 ] } },
{ "type": "Feature", "properties": { "LabelIds": [ 504 ] }, "geometry": { "type": "Point", "coordinates": [ 382603.985747343976982, 4106442.730249220039696 ] } },
{ "type": "Feature", "properties": { "LabelIds": [ 505 ] }, "geometry": { "type": "Point", "coordinates": [ 384634.844098264991771, 4106411.371377139817923 ] } },
{ "type": "Feature", "properties": { "LabelIds": [ 506 ] }, "geometry": { "type": "Point", "coordinates": [ 384165.075477585021872, 4106249.73175361007452 ] } },
{ "type": "Feature", "properties": { "LabelIds": [ 507 ] }, "geometry": { "type": "Point", "coordinates": [ 384664.01437754498329, 4106366.973790009971708 ] } },
{ "type": "Feature", "properties": { "LabelIds": [ 508 ] }, "geometry": { "type": "Point", "coordinates": [ 382003.679960009001661, 4106052.209061089903116 ] } }
]
}
